x1,x2,x3,x4,x5,x6,y
0.4098549445222867,0.8320414204450094,-0.7423359493639071,-1.0,1.0,1.0,8.981638276271141
0.5192057854793877,-0.5111367464864262,-0.77754623594761,-1.0,-1.0,-0.9385108121371466,6.669628162139043
0.5631209117681413,-1.0,-1.0,0.48848992131043467,0.22495235919005818,0.01871024146161497,-1.7744942273463562
0.601765625634497,0.6586862263522897,0.9918110889042717,0.06155630948968871,1.0,0.514454342215124,-2.6804902223561125
-0.053698578347390225,0.09502939342381411,-0.13158467514300984,-0.8673382229410203,1.0,1.0,5.542041540935392
1.0,1.0,0.9540894385497343,1.0,-0.5284340361818353,-0.4505633067242549,3.3889365990534057
-0.32517844969556253,-0.10935548841732379,-0.3793491898115111,-0.3561423972405166,-0.9664112433596808,-0.8909026892133853,0.1126054811995378
-0.9678338591204145,0.4599011318939492,-1.0,0.17003964817736328,-0.6091768751679415,-0.14326425364784873,-1.2330225130247865
-1.0,-0.5853987983255633,-0.17431592060237577,-1.0,-0.16997898021913826,-0.9144825218592694,3.5537398022096145
0.870763898597734,-1.0,0.7460397253177978,0.19555186721729573,-0.3477324251944805,0.952142652945164,2.269693348441583
-0.15559079090472983,-0.8153752655688083,-1.0,0.13365757413245605,0.08451708590935322,1.0,4.549572791539894
-1.0,-0.07784097034165427,-0.8097285488321202,-0.5782300258800075,0.556347530321825,0.4276946217012716,1.2580573128141386
1.0,-0.01743105765726749,0.04956049980184707,1.0,-0.5496329885036477,-0.12495696706380166,0.9946799139008609
-0.4733523329472471,-1.0,-1.0,-1.0,-1.0,-1.0,4.927461512360511
0.2699923619703116,-0.3028713405768584,-1.0,-0.9206418035108351,-0.6085509844902109,-1.0,3.4501687384047734
-0.21079665635852152,-0.28316016715668324,-1.0,-0.07974007679950446,-0.5254912453651833,-0.7584088297585879,1.9044134933691281
-1.0,-1.0,1.0,-0.8626711875177571,-1.0,-0.0411829101078498,2.2506614945253585
1.0,0.5149122730536557,0.07877693217474674,-0.728899122157906,0.13730513916490916,0.8735777826075684,3.210621264926965
-1.0,-0.2942086650819183,-0.41541287574427677,-0.5707116921556572,-0.13668289644732534,0.6194532176533885,0.2671409560979142
0.04503466028239267,0.21502049574080218,0.011802250672812375,-1.0,0.645585785874019,1.0,4.149182119283632
1.0,-1.0,-0.45865297792891446,-1.0,-0.2697508316005167,-0.4387580777169331,3.3274744542249834
-0.33438357661472007,-0.8753907917063978,-0.8188910238891016,-1.0,-0.7425969525513028,-0.8082140460498497,2.4751927690486952
0.8614501238351618,0.004831880037411862,0.8753119977021719,0.9469063745935097,1.0,0.24230092734491326,-4.483711199143758
-1.0,-1.0,-1.0,-1.0,-0.5924727900833525,-0.07566510215633526,-4.623281479932122
-0.5047227219281685,0.025362728546604263,-0.011085856557098928,0.007491102748827472,-0.5297741865846181,1.0,1.6343986983113548
-1.0,-1.0,-0.8058409184870414,-0.3057704433957668,1.0,0.810938897749679,0.19790793957480446
0.2363779885280406,0.7992229432062488,0.07159666858908809,-0.7848889338160139,1.0,0.12389887030478985,0.6907847890875897
0.32947530849226425,0.8717411039896791,0.226671087307798,1.0,-0.7622576719081561,-1.0,5.961846591618845
0.0022102170228170404,1.0,-0.09809313619347726,-0.33223659554397045,0.3357653573835162,0.10297782810136563,0.5609904293008284
-1.0,-0.9586919772248016,-1.0,-0.8952737394147041,-0.28742703201619163,0.1377287321496189,-5.782178518952223
0.09678316840979678,1.0,1.0,1.0,-0.01579434993344031,-0.15993734192194398,-3.636036237802098
1.0,0.5736977591098573,-0.9253139073426984,1.0,-1.0,-1.0,7.803661702072016
-0.21434192146963477,-0.23140096302170388,-0.031879628191916254,-1.0,-0.893461458460328,-1.0,2.5825812576052254
0.7522016991420177,1.0,0.1685768922459263,0.7758575580372384,0.8546738440881656,-0.14767316874958958,-1.946230035802897
1.0,0.3887036116048732,0.4406118315740903,0.1986706404266365,-1.0,0.3987825807865115,2.7121827005869084
1.0,0.8844857264114487,1.0,0.7110021518981557,-0.6855255908476219,-1.0,5.24655993883635
-0.2616942889370734,1.0,1.0,-0.44789320748206696,-0.07410642822740016,0.4238411364134359,-2.9610368501216344
-0.14450178664519164,-0.6056927272204987,0.07568660471102118,-1.0,-0.06855354366107713,-0.9712326884778879,5.494616541845055
0.5088294753933543,-0.2897518714468152,-0.23426541945800605,0.10399881997658056,0.5366290443048725,0.4708377652069705,-0.18376445781301626
-0.701770675161512,-1.0,-1.0,0.29962950846531633,-1.0,-1.0,-0.38064849712262194
1.0,0.32003389986299285,0.5016800118208458,0.4546184055160756,1.0,0.6465297270605681,-3.7067126943850277
1.0,0.5576462323463458,0.21124165091569536,1.0,-0.17126472674725057,-0.199231472702472,1.2957401877359573
1.0,1.0,0.47734927719536646,0.4485288075146392,-0.09810149973627114,0.3836410193147436,-2.282391650133837
-1.0,-1.0,-0.3650169075409033,-0.7164905621661107,-0.4664582900731,-1.0,2.538646025786635
1.0,1.0,0.3283660452035111,0.7173603201807262,0.10347451947375927,1.0,0.3139682600976864
-1.0,-0.10939776287559524,0.5869671476836779,-0.6162031451543142,-0.85596346242378,-0.9313871649071797,-0.17117843317040773
-1.0,-1.0,-0.9026341082598345,-1.0,0.5837403408254676,1.0,-2.0962129439293338
-1.0,-1.0,-1.0,-0.5564518187570286,-0.06571131619579784,0.6593894555489849,-3.838085909511559
0.04595064195847853,0.463630153068314,0.22845081276472445,1.0,-0.7937102267068239,-1.0,5.064398793260384
-0.9145722175180246,-0.9548076339362617,-0.2066935832767185,-1.0,0.7689105066124299,0.20563372888106835,0.01158691205816986
-0.4221843020266728,-1.0,0.2167324174212059,-0.3668183986763859,-1.0,0.04964954192679549,0.8438754321116545
-1.0,-0.3968375326304925,-0.5782493384082019,-1.0,-0.904907158692559,-1.0,2.152313107012865
-0.11351547223731728,0.31380163399196426,-0.6806581767452748,-0.09369370719071646,1.0,-0.38418724549538896,0.100340088712354
0.626447187935594,-0.07737365093157622,0.08449703863960689,-1.0,0.9565296837659698,0.046219962293858496,0.26663557398529303
1.0,1.0,0.7221659043086772,1.0,0.516180368565907,0.01861773414232304,-3.052536008576472
-0.48683312094312103,-0.5457019621303916,-0.3836382385382938,-0.6472300226359398,0.39693413228189733,-0.026609139734073167,-0.02250981159295304
1.0,1.0,1.0,0.4143181978173046,1.0,0.027407604812331066,-5.5774220171892415
0.32430770903939277,-0.3434634447424084,-1.0,-0.7714972182627067,0.5133168410507343,-0.45071794972882356,-0.9593262209917406
0.9785474797852737,-0.28739423844884715,0.07513540385736264,0.6036541924502639,0.2376006899788936,0.9261538097028446,0.7775432819865952
0.3169429256651497,0.02744738238444369,-1.0,0.8041413443691893,0.07121457014379151,1.0,5.749646888271465
-0.8514485075202257,0.35505845807640285,-0.33519185335972795,-0.1829092422452876,0.3789276330226638,0.5443336704131,1.590144332113211
1.0,1.0,1.0,1.0,1.0,-1.0,-6.388396568367261
0.14359340690509814,0.6107215883436421,0.4955330246322981,0.3598818128037433,-1.0,-0.6658966551878525,1.3075755497903345
-0.07821518227387464,-0.253910200266333,0.10397471090836477,-0.08246576271241945,-0.5404431921912416,-0.4723104844056043,0.6104935586353137
-1.0,-0.4004087130435128,-1.0,-1.0,-0.10608332971548351,-0.32467830363233896,-2.428283037279076
0.6021400669171824,-0.17203150821048066,0.8343327396398346,0.37448846949850834,-0.39159987386160133,-1.0,4.479626408358934
-0.1813176976915705,-0.6221895564052846,0.310144370399396,0.23154757523691044,-0.845802442044143,0.5366362151695573,0.36594174341392927
0.2929068409763773,0.7387275874226289,1.0,0.9569678810494928,-0.11287651810186361,-0.19564818435880854,-2.0145828445595386
0.19695691224917006,1.0,-1.0,-1.0,0.2357605018888631,-0.48059392173226395,-0.32149855948869943
-0.7459763959388273,-0.17310311760412112,-1.0,-0.5556128003008785,0.14997296194490606,0.33722540394756295,0.3567284739140043
0.4293221497652248,-0.08432612459956892,1.0,1.0,0.7116610815373041,0.6571646775071561,-3.1708850622192912
0.7757338032277298,0.4970888251748642,-0.584198083703644,-1.0,0.5469352319120762,0.5587379614593433,0.4788166017457262
-1.0,-1.0,-1.0,-1.0,0.4055153981757418,-0.29267005416346126,-6.33993049938108
-0.18205158611168204,-0.47394397043712344,0.8592745479160309,-0.3974919768820676,-0.0573334347736425,1.0,-1.2821276203697727
-1.0,0.11714692409068686,1.0,0.12872888018749618,-1.0,0.38702502722807186,-4.476232822610733
-0.5671314095224321,-1.0,-1.0,0.02157517223229355,0.5522347949175015,-0.6116068140055608,-0.7572863434350559
1.0,1.0,0.9026010670145186,0.49183739995801656,-0.012709499910502103,0.965418796359106,-2.25021450701813
1.0,-0.6164911586960795,-1.0,-0.12176907898350547,-0.6155190393045211,-0.28868744929831036,3.0252957369980638
0.8432210723407856,-1.0,0.5223976577024652,-0.5805599783713816,0.8468444292063928,1.0,-2.7184840348678816
-0.5292842090308614,-0.9573662156340168,-1.0,-1.0,-0.30475162527074096,-0.06343787123278827,-3.32699774375977
0.5128339405019253,0.9427836295766878,-0.759504174991545,0.37682256738521325,-1.0,-1.0,4.69702702665501
-1.0,-0.8255325495050609,-0.34354981615064184,-1.0,0.3717690991684326,0.032347190320594965,-0.30608773834201897
0.500151241695429,0.559256649259305,0.685286487106871,0.9321310704462804,0.7976697904541921,-0.5453174052460106,-0.2644417878478318
1.0,1.0,0.7544689640872098,0.9987117512626558,-0.8126440818446219,-1.0,9.55940806695833
-0.5581085316472542,-0.6494489746630521,-1.0,-0.8982861940173259,1.0,0.7815362960983794,1.6858584554067548
-0.23602785451020647,0.3371100599283954,-0.8948329148090348,0.22628645044184956,1.0,0.2966707746119781,1.2469430226418483
0.03648628696005818,1.0,1.0,1.0,0.10918341595835401,0.9622861041704716,-6.374662530007679
-1.0,-0.8200087932440563,-0.3110498741601879,-0.21987348829353454,-0.6909177525170432,1.0,-2.019569836902904
-0.8058029318449015,-0.45698118274842336,-1.0,-0.34423448326185,-1.0,-0.14704975297671552,-3.890165660129213
0.1629383379545617,1.0,1.0,0.5818895359541807,1.0,0.32804841148298336,-3.9798150911732497
-1.0,-1.0,-1.0,0.45885599482673173,0.7472680772096085,1.0,3.4634312540506977
-1.0,-1.0,-0.3918472398860695,-0.10275570070141282,1.0,1.0,3.755208455411983
-0.9585010029609269,-0.4653983716423351,-1.0,0.7859616525896502,-0.15963570769783275,-1.0,3.8989382167205076
-0.20977145704152567,-1.0,-0.4575254882556108,-0.2625837565422528,0.4554529915003349,1.0,1.704931292697616
0.027032041760536862,-0.704275454935522,0.08376744049716175,-1.0,0.7444930442599753,0.6421564831494762,0.14666923513896968
-0.3702708551783531,-1.0,-0.11977885308868796,-0.2972250796242941,-0.5317034344268547,-1.0,3.1007557132771675
-1.0,-0.6085851756730175,0.5096788806915837,-0.34025644452668846,-0.15414358258702476,0.5491177958137257,-1.330490206361608
0.057078948929892584,-0.2753699141473129,1.0,0.21161241729637173,0.2356712284743554,1.0,-1.430778808250325
-1.0,-0.13467118085029717,-1.0,-0.25303104462727166,0.8906638112124999,-0.5650367689111112,1.1675843268745503
0.5401513264748403,0.9574418138083121,-0.4430644800935861,-0.3125211225178382,1.0,0.7852286699230546,3.4671530895259672
-0.4960112753370659,-1.0,-0.938907550812883,-0.5145076013700696,-1.0,-0.1915191667117723,-1.8682140463956511
-0.25375262748258853,-1.0,-0.15647716685192747,-1.0,-1.0,-1.0,8.52077586674264
-0.7586823105991103,-1.0,0.47026546183994256,-0.4144200696433586,-1.0,-0.5313433438691135,2.5249843137939125
0.6874260648469056,0.865853206179547,1.0,-0.3652525692774817,1.0,1.0,-2.3830940145709443
-0.39282772553296286,-0.48443427678322604,-0.38501631528013414,-0.8385595984244678,0.4193337064784597,-0.4807342296903675,1.5992675528926212
1.0,1.0,1.0,0.42098111960711315,-0.5383343591915359,1.0,-0.32541354087883956
0.3119030009365178,0.399181649678769,-1.0,0.5570369125454329,-1.0,-0.5713799442701056,1.013432969262735
1.0,0.5093500369817769,-0.2730847010870385,0.23866323808174483,-0.16144403124162332,1.0,4.284935784886895
1.0,0.6340404847510503,1.0,1.0,-1.0,-0.4368690826024695,6.893241986832189
1.0,1.0,-0.11088397165526065,0.7097740368231856,0.42448138987051165,-0.9761510010668151,2.58950112718427
-0.18406797882465611,1.0,0.6015984410461309,0.12521078663911644,-0.9865036838503977,-1.0,-1.0717878623622432
0.7971403625475315,1.0,0.2845795980434428,1.0,0.6843371809142217,0.17940466285331713,-2.0269245130720766
-1.0,-0.5670445855033113,-1.0,-0.33983486949475755,-1.0,-0.049435913867301506,-3.889363203670958
-0.8997490013152939,0.18798795363188553,-0.31518381722733324,-0.18338644573587953,0.1548961966576763,0.6381481896240847,0.9458540783488949
-1.0,-0.7471931735263436,-0.42237638299268454,-1.0,-1.0,-1.0,4.776703813472664
0.4199191272229469,0.19676200469062577,0.007256612210058411,-1.0,-1.0,-0.4342787329638714,2.6596303306204354
0.32640373990474636,-0.01988977856126295,0.8664395026527852,0.29549564227815184,0.005144327047541086,-0.4689225395305232,1.4252720328201254
0.9700527482993768,-1.0,0.7596466681811015,-0.1920099371725073,-1.0,-0.17862397105772,8.174967273024638
0.24159389527290503,0.27582667899453117,-0.765004769063695,1.0,-1.0,-0.2002339270766168,0.36075570547119473
0.25573479567905244,1.0,1.0,1.0,-1.0,-1.0,1.529940195611602
0.5074894905901036,0.1745186929823137,-1.0,0.13795033924926248,-0.31611292431814625,-1.0,2.5999243807319496
-0.9815215790563789,0.9559496481371674,0.3227033541432278,-1.0,-1.0,-0.06366120582071211,-0.4521599055866416
-0.43022135222195423,-1.0,-0.8346455185691053,-0.7804032644629775,0.26707892738599814,0.23388847246807204,-3.6688055868982605
-0.8407701312043729,-0.5832129022904712,-0.9007470673770234,-0.12760542379777484,-0.6966578910183809,-1.0,1.5391633729306973
-1.0,-0.8937325273637206,-0.978359089927995,0.3402312391686666,-1.0,-0.7176207872936275,-4.100155738831959
0.6069324724438192,-0.6842875835279346,-0.1931682815652323,-1.0,-0.7386227181388287,-0.5245190605911574,5.54958999280095
-1.0,-1.0,-0.14934307835391314,-0.7611738005638558,0.2910606795412205,0.39734803869967816,-1.2223256895121448
-1.0,-1.0,-0.1251442724554499,-1.0,0.5624880935130961,0.30135769908735566,-1.2403667131292024
-0.3017501248828917,0.9292071649489442,-1.0,0.7982439242070098,-0.3150427828598932,0.9425948335158786,7.744965700264002
1.0,0.49031909276078256,-0.15786492077106895,-0.1988747712558318,0.005743787577662834,0.0625798060450683,0.11784143430740159
1.0,1.0,0.9173016610150933,0.8639607907777809,-0.5064803905180802,0.19102126121309806,0.6221954771213772
0.7662469051562395,-0.605365695744709,0.7516442688469926,-1.0,-0.5826809779116939,-0.9816685829683636,8.217595813067577
0.43224737466469554,-1.0,0.40605532586550075,0.442684026947405,-0.28855583745389846,0.353187262215361,0.47712003838464256
0.4728968176657352,-0.10390003949566556,1.0,0.2981505660606307,-1.0,-0.44571332064501745,2.98625308049423
1.0,0.7871090414267956,-0.8476430161458669,-0.3083093052000598,-0.3375940148481701,-1.0,4.637768238670264
0.6397030698806915,-0.7408281922908002,0.23108908016585944,-0.6116189290690401,-0.10530635472437955,-1.0,7.857806519131884
0.15112337461046138,-1.0,-0.3072712843761146,0.4151993848078715,1.0,-0.04391630022930282,-1.1661900799327385
-1.0,-0.542969216659881,0.6461713623689718,-0.5172290066573522,-0.1346688032058173,1.0,-2.0398989661157465
0.16684418226769682,0.4889583125937742,-0.5738732224121019,1.0,0.8445309480945278,-1.0,0.3508604698362914
1.0,1.0,1.0,0.9050111231592415,0.10359074225287898,0.4775311223736161,-3.8267594738858888
0.11996114154954424,-0.9867276435990685,0.7457379620259124,0.8236083600597484,1.0,0.9780938433860955,1.6704523855801043
0.7680017172233619,-0.4534342138098151,-0.09171718803281415,0.034033281010017125,-0.18479165672351439,-0.021951158768772627,1.0458752016762263
0.012929519713342885,-0.5102964455812895,-0.4292471537292845,0.03686148087945862,-1.0,-0.1283513865567931,-0.7999844055747143
-0.18976320918428402,-0.6868449954096918,-0.8430362221678727,-1.0,-1.0,-1.0,4.126492378140305
1.0,0.613741711249238,-0.6994757106431198,0.11740173771637635,-0.8142554878716876,-0.6430192044969725,4.138440691482077
-0.0952367217911958,-1.0,-0.7507096880831404,-1.0,-1.0,-1.0,6.3371705301443475
1.0,1.0,1.0,0.09266886087471926,-1.0,0.5147171935202146,0.6786748669930617
-0.7522440485258585,-0.16292928572966836,-1.0,0.4327230292340835,-1.0,-0.12322387117085384,-4.554284856341509
0.5004972328446835,-0.6929023459551016,0.9456372997787699,0.06414288288859515,1.0,1.0,-3.2965247540783067
-1.0,-0.003636482068834601,-1.0,0.005801197753250942,0.19899320093558448,-0.5217190395642177,1.3512266079410682
0.7143126644347539,0.1581350963273398,1.0,1.0,1.0,-0.061636011620483044,-4.061488673538966
0.5508053800955333,0.46414603302321655,0.1205563489070256,1.0,1.0,0.0885687096181878,-0.8195612587672302
0.2652967204814173,0.6501564061365332,-0.03519142648259249,1.0,-1.0,0.20212083417684013,1.8265386790012252
-1.0,-0.7865890639904893,-0.7419997882539151,-0.8455453951079038,-1.0,-1.0,3.804885556436042
-0.38554472250961636,-1.0,-0.20381081004387847,0.49245036501606465,1.0,0.05720582372146882,0.48891162103835645
-0.13442552332440882,-1.0,-0.01602766232574737,-0.20554666964822596,-1.0,-1.0,3.9288895219491566
-1.0,-0.8059210915141513,-0.37699149197996173,-1.0,0.2253608127101404,0.5606922369514677,-2.2199231100067904
1.0,1.0,1.0,1.0,-1.0,-0.46406829577958686,6.541410014945516
-0.2800317352506929,-0.39197078161955246,-1.0,-0.40155811844653166,-1.0,-1.0,1.9099186441679499
-0.4564463306407886,0.3586391814393992,0.9024290075722798,-0.26316181961884366,1.0,-0.3424788189168876,-0.3093919928106712
-0.5198261407844116,0.05684722782863616,-0.2733709619422341,-0.6686035588917479,0.4870558659358055,1.0,4.6086514690819484
1.0,0.19178592073811918,0.7358552355951953,0.015366193424720898,-1.0,-1.0,7.436270144171804
-0.8400669269435147,-1.0,-1.0,-0.5020545876649846,-0.19207481758191325,-0.08325137028112173,-4.769633392319949
-1.0,-1.0,-1.0,-1.0,0.8554156946729721,-0.7268522141234994,-2.1490856565798495
-0.9288543492446966,-0.6642580861454693,1.0,-0.21901048376377508,0.03517831857364201,1.0,-2.418573862058574
-0.29629247216747345,-1.0,-1.0,-0.3646405676126368,-0.058691571860009145,-0.940600093120407,1.621016209670418
-1.0,0.013628285150502517,-1.0,0.3397382585071082,0.27112928260331826,1.0,7.969322474492543
0.003519953551019528,1.0,0.7599637423448697,1.0,-1.0,-0.9626170339760907,3.5660368907276263
-1.0,-1.0,-0.29247983416199297,-1.0,-0.5287161224268511,-0.9630095793765951,3.370998621244414
0.1183565675020849,1.0,0.7216068322829076,0.07525169967955075,0.8739858426625948,0.2934122932589249,-0.5161099620668648
-1.0,-1.0,-1.0,-1.0,0.10321043180706485,-0.04513780062751599,-6.632409581675869
-0.14705847845461129,-0.2098432890763553,-0.6070885677360665,-0.7393373417460363,-0.46552250384796934,-0.47428839708398185,0.05945501096999316
0.5923412626317562,-1.0,-1.0,0.11992846905200749,0.07031537348035477,-0.26327885523150607,-1.8403605687567937
-0.5166725971182426,-1.0,-0.7205580805900729,-1.0,-1.0,0.9405665119574691,4.186974779522816
-0.5501889189022837,-0.14236183996255414,-0.3287185565696431,-1.0,0.9782822717079807,-0.7231546957455333,4.613727304277103
0.3992797679378505,-1.0,-0.765454539457546,-1.0,0.7457012278860361,-0.6776135047728409,-0.0438945600924428
0.42704229962452156,0.7321427902102964,0.2018353967754989,0.7731689934457202,0.07888253381964505,-0.7174115909592362,2.1593233995474157
-0.0599747794106045,1.0,-0.32303261243829046,0.7789856125179242,0.2821546555287884,-0.9611443235209856,2.5937444703298596
0.08782993556061403,0.0762246486855449,-1.0,-1.0,0.40230840859601413,1.0,5.401144920972556
0.10773297879333832,0.8924023547446254,-0.3621676709335938,-0.4572808461456861,1.0,-0.24962400373714544,1.482386534591242
1.0,1.0,0.761354512587715,0.8513195612701818,0.6643952039720463,1.0,-4.969383374588367
0.7804996543357001,0.7004771459410449,1.0,1.0,1.0,0.16604237351070616,-6.239796727966129
-1.0,-0.39482626632831597,0.16290258437564728,-0.28684933422099346,-0.5344265425923208,-1.0,1.6585456507748688
-0.7355379372803871,-0.549661221520975,-0.06323539309410528,-0.11430396280577282,0.036989326445216464,0.7856703496482755,0.10048996700581447
1.0,0.9728894404073174,0.6611132387493159,0.9206151766626298,-0.5359896643023994,-0.29052157273593726,2.8145657875835424
1.0,-0.35979727023524266,0.987108083978871,0.16188770341738268,-0.1579538865166637,0.4453311221558266,-0.7228087063691582
-0.5462553457705547,-0.44154909302253387,-1.0,-0.6313593477706223,-0.885660569514662,-1.0,2.8648303475364227
0.7136149332503705,-0.44210118990987396,0.7916082971530258,-0.8017551069227677,0.10003386035626738,1.0,-2.1563929091865037
0.40603241378441357,1.0,0.11534242998265387,0.9142281285982382,-0.5144478502991223,-0.562009699503344,3.1768732340525
0.40492418763477067,0.27420540986418107,1.0,0.4818742448490778,0.05249715102564657,0.1830440436405753,-1.3891030649632343
0.026300875271650703,-0.1156773341776488,1.0,0.06587402041648283,-1.0,-0.044611952880760586,-1.1574627520565146
1.0,0.05743700071854274,0.021823392723317347,0.5742086891684592,0.528531958306605,-1.0,2.059932845498018
0.49389122416793424,-1.0,-0.08934307597359134,-0.15489397218846246,-0.9864633462961863,-1.0,6.596665035073253
1.0,1.0,-0.18823785972567497,0.06763035403384221,-0.20081000115856618,-0.057435737648886764,0.6945196869760311
-0.15866529869278778,0.1946259239476642,-0.6479332216318416,0.3160660327616518,0.835435502499217,-0.12063680954452272,-0.6479677624384731
-0.06591106961537435,0.3107445444449177,1.0,-0.18996526317901896,-0.8048952390223172,0.39926782083569784,-2.333669871598727
0.505672073701531,0.8999791262474974,1.0,-0.1866207019888289,-0.8861232584796863,-1.0,-0.8836247456145654
1.0,1.0,-0.17256199489857316,1.0,-0.40533822457483804,0.16859156638300332,3.4501994764363997
1.0,1.0,0.06498199340042721,1.0,-0.5369072148909256,0.04710518335187852,4.491162688958276
-1.0,-0.5495605028500771,-1.0,0.3202068324493499,-0.08968413436402611,-1.0,4.649606565068126
0.9108650388754862,1.0,0.6262676372234257,1.0,-0.8498843317424273,0.25211367045773936,2.542372020257379
-0.003684421609623123,1.0,0.09287307795141653,1.0,-0.41562438588253964,0.19134665200331374,0.8485685044995638
0.677765185121153,0.340558801652439,0.5916056476794436,0.006897492251557447,0.5038319865230809,-1.0,1.269519958129279
-0.8781956249116635,1.0,-0.4055157729806966,-0.7656081277931456,-0.03689487083508414,1.0,4.943968352060551
-1.0,-1.0,-0.4288575038132316,-0.9393654151835962,0.6196520559225794,-1.0,5.817304944372518
-0.1543264232489917,-0.35637441177593954,1.0,-0.3765622654914212,0.49521059518153043,-0.9511349721038436,2.563692060773675
0.03518517793828335,-0.6077807084760507,-0.27170685843417247,0.18869482650906882,-0.08000554376949098,0.35818272085182645,-0.6609079466681236
-1.0,-1.0,-0.7226791955608898,-0.2078200109705055,-0.5222964111528366,1.0,0.45465675460313415
0.38355608362177795,-0.2166282336920754,-0.32325723708316617,0.2825881597941527,1.0,1.0,1.8931151512020585
-0.67999463318643,0.3962234609544976,-0.1482203672881074,0.5660861157131037,0.04846300838998596,0.5561151079673241,1.0797538890433125
0.1420410754356688,0.37437117193007974,0.2561703483345926,0.29050837279820674,0.8834381419576675,-0.8106880657442586,1.279991247172426
-0.13523586099004747,0.014422706118752654,-1.0,-0.0985955893641145,1.0,-0.15819699196241874,-0.9662317703013511
0.7707643316227804,0.47248239312496176,0.6234069659988868,0.20437358598239208,1.0,-0.6456389223471697,-1.4175026948841751
0.12474005124679222,1.0,1.0,1.0,-0.14694222473892016,-0.7224064685316027,-1.8400712451158596
-0.23353472243375917,0.13022582743279076,-0.12391514600107881,0.12177333447487682,-1.0,-0.7471320987784508,-0.8531614346059867
0.04549440942968781,-0.7669393635596913,-1.0,-0.6732259958188886,-1.0,-0.025524896073662415,0.48649613816635323
-0.7437182511021974,0.7382574752279958,0.47441061296523057,-1.0,-0.05965420536341842,-1.0,-0.6916778068800669
-0.8935037187968006,-0.10767961205973953,-0.005659827024437569,-0.24850599074658652,-0.4085474026511853,-1.0,2.1419633429468306
-0.27844487183030847,0.1472615636902398,1.0,0.25699176984834143,-0.8689215185459502,-0.20996778606060593,-1.6075484437008236
-1.0,-1.0,0.3992078654571385,-0.684527595530298,0.7920194123723434,0.5458325897707219,2.1259398738636093
1.0,0.3398135531339731,-0.6567001947511164,1.0,1.0,1.0,-0.5463689145244377
0.7589657149066947,1.0,0.28777565515540493,-0.3801928275793812,-0.3746855651782368,-0.3595317195822202,0.7049685106422496
-0.3727748416060647,0.5251600446277154,0.20317464877872277,0.04151886434032703,-0.4937287958209049,-1.0,0.9933983496113602
-1.0,-1.0,0.5832210237219021,-0.5894418260250005,-0.5371891050557054,-1.0,5.237083145413639
0.6279001466321532,0.14990989243235364,0.3048591143053707,-0.0237891836809766,0.0025988356830612264,-0.5797214026398622,0.34883138192144203
0.7077381643844933,0.8985950006839112,0.8640501814403871,1.0,0.15689063958121086,1.0,-4.16095979628141
0.7818276119076901,1.0,0.9123930248647462,1.0,0.017470150260744832,1.0,-4.556338000300118
0.2787664130860348,-1.0,-0.9886220373734453,0.04518565932430135,0.9265191847685251,1.0,2.6441934754209147
-1.0,-0.008356376969220647,-1.0,-1.0,0.3655544585898012,-0.193047320947166,-1.5278845095730331
-0.8790741377240735,-1.0,-0.9625506528016404,-0.17155321389269507,-0.4347157864293104,-0.135010789398605,-4.07490421642305
0.3487057284543698,-0.7809094033271058,-0.5981152527617066,-1.0,-1.0,-0.6813970251659891,6.647075740188302
-0.05413314990574036,1.0,0.6743400161353204,0.012382271296433696,-0.9230865332074563,-1.0,-0.9601992838627618
0.09072142364382918,-0.2532202720524164,-1.0,-0.8076514452053292,-0.5682414394670277,-0.06972133201873054,0.01653982235508189
0.09028794571300647,-0.4110328493547941,-0.5718515161134528,-1.0,0.18913933452341747,-0.3760291723496161,-0.11663513926678723
-0.32402144689217294,0.5013303004793622,-1.0,-1.0,-0.050363632243059564,0.48823029778311233,1.2914287980386852
-0.7250897774133676,-0.3565904653142755,-0.21529674462408588,0.44880961520368434,1.0,0.31564255307856925,1.6766311723228582
-0.9479571573871777,-0.7978079274123737,0.2555730402618355,-1.0,-1.0,0.4655577998756445,-0.2886929469449315
-1.0,-0.38958208722327,-0.19589285236707393,-0.3040533739295006,-1.0,-0.5305244698167182,-0.9462950848859767
0.07236024819030518,0.10148464343430585,0.4802544312789452,-0.4509186389580853,-0.41978838352091175,-1.0,2.7618262779269767
-1.0,-1.0,-1.0,-0.4626514718871704,-1.0,-0.3385603811647056,-4.054160408061045
1.0,1.0,0.7315601992222827,0.12839283373447152,-0.41936530013929185,-1.0,2.8215353279731294
-1.0,-1.0,-0.6969339451173489,-1.0,-0.05166393991702645,-0.05453581884637715,-4.868458520403092
0.5823281998155807,-0.20825875454688442,-0.6611396799679448,-0.621359883570525,-0.1251200262007499,0.7343077778488647,1.6639012770125496
-0.525791923599251,-0.21228643431092298,-0.8247661083890832,-0.6303907315991795,-0.5636188067771194,-0.6799786529631668,0.8559626458983993
-0.6935785273928383,-1.0,1.0,0.12596963547429157,-0.7950796593113209,-0.37319502883227884,1.291889588950622
-0.16558184265575715,0.14006296224772008,1.0,1.0,0.7586808110636744,0.7906865264993547,-1.7933514591946726
1.0,0.635107590557912,0.462690565228012,0.17453483200863174,-0.8176870211585704,1.0,5.453415623668068
0.40300642067370673,-0.19190849641840324,0.6392513219211955,-1.0,-1.0,-1.0,4.9949473572051915
-1.0,0.5804801271859497,0.40357930694197164,0.2114159882949751,0.22292211140081575,1.0,0.2350821648912046
-0.7625551711789931,-0.2618619618088702,-0.2447059234344635,-0.36462711713624363,0.11208271744708141,-0.4852739183799368,1.4920829540610414
1.0,0.0447221300046321,0.16361793715835837,1.0,0.3939600085957181,-0.14754578646880467,-0.7261675095918314
-0.3428034822912098,0.15716441668488768,-0.31383370093671403,-1.0,-1.0,-1.0,1.2058218687832196
0.29195666730047076,0.009306842428441264,1.0,0.4052328410015835,-1.0,-0.22613777705581883,0.025305835598398718
1.0,-0.19369565381637943,0.27672175099908336,0.6349626081189532,-0.38073975304449503,0.24793116436747498,-0.0007481454655982045
1.0,0.9397953764778602,1.0,0.30142334974087226,-1.0,-0.974639002793983,4.017654774732047
0.9236317127744355,0.32366251290657855,-0.9058863091747751,-0.5639665011889309,-0.18209252213387112,0.17075668826570284,1.244787365744172
0.826959326423854,-0.96263281288689,-0.35946416055044,0.47006605370310045,0.6803369820261997,0.6464355431552782,-1.1994032864394586
-0.2549694394405375,-0.8357082773724569,-0.3053723748448026,-0.5221517148631135,-0.8200451691375218,-0.09478345897100127,1.1599494106817727
1.0,1.0,0.7206229143514578,0.2030806908502878,0.51143279184324,0.3134518233219217,-3.265237109776756
0.24206494544200496,0.13325365181848792,-0.16138190459116475,0.2427008985686543,-0.3228110635769642,-0.08426825471903598,0.25714279930319445
0.29960230720972064,-0.15020638998383318,0.470090012766579,0.6125346512783479,0.43513895024649535,-1.0,3.6393334895352605
-0.47418226523015006,-0.8287883922244178,-0.8328201163781728,-1.0,1.0,0.34054659074290117,-1.5138291263680301
0.38187494149811985,1.0,1.0,0.8015532959890375,-0.9316218120765742,-0.7349860601437351,1.6574665788115852
-0.6614295969766877,-1.0,-0.6542026338655826,-0.3650956205300586,1.0,0.9473965626537766,2.4298671530164873
0.5177989183992167,-0.735808671033639,0.49637704391705373,-0.8574796463440999,-0.2354594344195179,1.0,1.0228868155424928
-1.0,-0.5101905709936019,-0.7251252544555503,-0.04632328285967846,1.0,0.6251115480523228,1.884145381020965
-0.6926364992176984,-0.44989756882365917,-0.2461905119094161,-0.7479069768312436,-0.3619120280840626,1.0,1.8972155252493468
-0.6204565399812491,-0.7552753967290046,0.3826081642204094,-0.505813754372624,-0.2783779466214659,0.24174193028845992,-1.8906847743942141
-1.0,0.7195705776168075,0.1936373267612459,-0.857627615078102,0.7413481784953562,0.283662368250576,2.1457079861081794
-1.0,-0.3580200829970839,-1.0,-0.5904569448164145,0.3951902376326488,-0.7581086930344543,2.6551462975926303
0.20983107314994204,0.09461921282124447,-0.8293984529006238,-1.0,-0.13396355432168539,0.4191828681832299,0.6776247836569873
-0.24494959753262857,-0.7745294958386886,0.9332441634568188,1.0,0.7200349483713906,0.6693292908189241,-0.24620955720267632
0.2894733060547713,-0.5182951216206033,-1.0,-1.0,-0.3556005284032954,0.9375592827523348,3.8562721067923045
-0.23760441913247,1.0,-0.5159252561067594,0.7233638319479959,-0.005765336634651452,-0.21244993505246262,1.3880102373789363
-0.4323835136600109,1.0,-0.9654657761349998,1.0,-0.26395408339405235,-0.978581365585997,5.453511759944808
-1.0,0.7186076562365196,0.2397736397557556,-1.0,0.3531644285579797,-0.6854070397660107,-0.8819987114926164
-0.5901548620235659,-0.997784225437112,0.7836316001774623,-1.0,0.028486431696882947,0.9863828030682547,-3.1491615763141345
-1.0,-0.4315320162670673,-1.0,-0.7032124146078678,0.2538817890473888,0.5671001645424065,-0.02547061247529661
-0.9264296654655986,-0.0176072459398897,-0.31459176020376467,-1.0,0.3421913956899749,0.27682241639994065,0.9101851546837544
0.5112018753469811,-0.0095282007454226,-0.029908035591943716,0.580537819791699,0.7236992676413414,-0.2684651799291926,-0.8027441692404536
0.513874832511231,-0.7356448249843841,0.5579238290463471,0.2782156540800619,-0.624914343330133,-1.0,6.613524893198143
1.0,1.0,0.28817374986085187,1.0,0.1841976721772928,0.37003181736400814,-2.0886401974065913
-0.1457661321377708,1.0,1.0,0.4142154990568647,-0.483636232528627,-0.22539293990952647,-1.345599224629642
0.5836172394084829,0.4475918175211656,0.489174881333041,0.8375127956150863,-0.184344981432372,-0.596541445256181,1.0062775423379242
-0.17771426340943974,-0.9644340751358913,0.28582878259836986,-1.0,0.6454424849235771,0.3131419282623382,0.2941828281231297
-1.0,-0.4337843681961678,0.09116695518470594,-0.2955369619910164,0.29084987432726983,-0.23710887719135973,1.171258147294351
0.5591034823028809,0.5713567339121233,1.0,0.8915080831879232,-0.5804316558220051,-0.1632343450063306,1.7616852138497223
0.15974976127460316,0.757156886054278,0.823517162413846,0.972956025134231,0.1892806453144643,1.0,-2.964181796609538
-0.8858041823410046,-0.3902426927753433,-0.9720205666960848,-0.6132163969498352,-0.17470456185436767,-1.0,4.8577475548608655
-0.13382729598733611,-0.09203701592388633,0.15747626074406024,-0.13881134400474016,-1.0,0.312826796537349,0.4499888290353025
-0.3624972221611605,0.5659978660491416,1.0,-0.3941373321634856,-0.14280816620193504,-1.0,1.1636589969616467
-0.12275565024855517,0.5726484432876864,0.06815612524408125,-0.42883841324300964,-0.7928074193448744,-1.0,1.1986585302308574
0.5424628922568209,0.19628307560932656,1.0,1.0,0.13183532752145688,-0.06784623121954353,-0.7996409855722435
-0.9870882126029206,0.046652844441098296,-1.0,0.3258755949900457,0.6651832363607175,0.6886690064212861,4.485646652767366
-0.5188563402684101,0.5537761650478811,0.9425739164239123,0.5976835954224806,1.0,0.5704956342025032,-0.7640026341927647
-1.0,-1.0,-0.6700454413621004,-1.0,-0.9534164451021228,-1.0,5.357906736506206
1.0,0.13771080553904524,-0.5421576581265305,0.19010384288868043,0.6426392784707465,-0.8071754518674468,-1.769552394779541
-0.20762894823909678,-0.4130796884752628,0.33250454339889496,-0.1508403785440951,-0.4348778390945904,-0.5088772720666516,0.7514043241211684
0.3556343229769474,0.5433042693910564,1.0,1.0,-0.11646110649840072,-0.7140558849468253,0.4141909530643365
0.6011586911731428,0.04817402893907552,0.14943378332264032,-0.8464821350301776,-0.16604222807096236,-0.34019062894851193,0.643629955449972
0.12199572133796749,0.8173183750155991,0.9536574974586578,-0.3366639835887871,-1.0,-1.0,-0.5705226953659714
0.5865077592865886,1.0,0.002495534912020564,0.48462050297402215,-0.7765575884188219,-0.9651088884799182,4.272925642609115
-1.0,-1.0,-1.0,-1.0,0.18723919614922407,0.9892808456837091,-1.7655125341263997
0.2292964798290058,1.0,1.0,1.0,-0.04537832970525474,-0.6953105354546538,-0.8609111825695936
0.5051506523369135,-1.0,0.9077637794472766,-0.10458562401775698,-0.08974196720199254,-0.6104951498568905,4.9032614604900475
1.0,1.0,-0.22596336396242755,-0.007188684016412539,-0.9139020926690087,-0.05063657705312652,3.1202124166796823
0.6886544556176655,0.8147413655336592,-1.0,-0.7124719585718663,0.8495037760466072,0.8501021604550155,5.272880456994223
0.6557739025516314,0.5459608291503739,0.6044334536984877,0.3435673958846148,0.6235048045303664,0.749766406547469,-1.1342484612954409
-0.7251708169919228,0.30078568300274666,-0.9218233777852677,0.042241355342439946,0.2119626414571365,0.2576801380233369,1.0584452230308907
-0.5717108419365016,-0.4840572821161975,0.0628607307244009,0.7109713745761559,0.3328223807359979,0.8325855717044977,1.2010445782597752
-1.0,0.15879437612308694,-1.0,-1.0,-1.0,0.008787024546635491,-2.0959781048798183
-0.25622091012851844,0.29555554757409197,-1.0,0.9371618749199053,0.5101379551643815,-1.0,3.15053423201041
0.7772709341013622,-0.3886302960663561,-1.0,0.31339483340581825,-0.5426700920008588,-0.2233545976160256,2.0515305828238977
0.6133705506557812,1.0,1.0,0.07929707011388554,1.0,0.22205226653371812,-3.5773039223003575
1.0,1.0,0.3543053099432387,1.0,-0.8639154957326529,-0.7383356779197549,8.096944205765379
1.0,0.2233342541539045,1.0,1.0,-1.0,-0.5221130280831578,5.847818727693243
0.2415262040591954,-0.5983967027993814,0.48577564748801483,0.44244428729025553,-0.012435159687779807,0.4059078615115631,-0.1556575697177294
1.0,-0.7816916429728671,-0.8661787511570772,-0.04787413646532529,-0.047488994052925726,0.43977945640607774,-0.3878252972704444
-0.687373100235124,-0.20541988844103654,-1.0,-0.1896918479161338,-1.0,-0.7740645623880795,-0.4038015507320675
0.816299031221255,1.0,0.5961087484024903,0.398920344188781,0.5675033763419262,-0.8977509880184128,0.015932809079354168
-0.13092901295261872,0.5018122968465335,-0.8285909180092736,-1.0,-0.8825919302801979,0.08428615321270488,0.10956028458331302
-1.0,1.0,0.0933651871681489,-0.5817288582441589,1.0,1.0,7.60374620429035
-1.0,-1.0,0.47852275456926924,-0.17316875541388066,1.0,1.0,2.971210261256455
0.020543320922187247,-0.8302254872227866,-0.6284079282785806,-1.0,0.33166850866662256,-0.004258397792717417,-1.6079447268659612
-1.0,-1.0,-0.05620998177197767,-0.9326166541767866,0.12642388058575835,-0.7749282747051545,3.6311522527419715
0.42081139064912954,-0.7745900761836507,-0.8681455635785428,-0.7551738605017757,-0.01650886118064876,-1.0,4.049601575529357
0.3142591690320351,-1.0,-0.835869777491193,-0.6534772109579157,-1.0,-1.0,4.7180051392251
-0.7636849154832221,-0.702571504967721,-1.0,-0.5757421377485461,0.16106616959180164,-0.7101465977639148,1.2510361411775421
-1.0,-1.0,-1.0,-0.8648394057643005,0.3666382993138393,0.17879795723047454,-6.421432510919412
-1.0,-0.11598136741778164,-1.0,-0.02660109360357321,-0.12302797315876257,-0.5597576646576555,0.7576781383177462
-0.5258984098658225,-0.5649693388635233,-1.0,-1.0,-0.5821451892415029,-1.0,3.134971527063767
0.9794766660031591,0.5276974783940815,1.0,0.16809005417420253,-0.40451370128525066,-0.33939634603531665,2.015420470992899
1.0,1.0,0.8184224349505563,1.0,0.48359349856897604,1.0,-5.135959588618035
-0.004097864438722898,0.3864585758295046,1.0,1.0,-0.8275712898319936,-0.5966252049281362,0.20138960039015108
0.37271457642115324,-0.9589212444315489,-0.7810012052194555,-1.0,1.0,-0.13613105031641148,-3.144155059578143
-1.0,-1.0,-0.012354784635812965,-1.0,1.0,0.6661253334384698,1.0181689224699324
1.0,0.36829036282501226,0.774108925419474,0.9416483202331003,1.0,0.8520898882455499,-4.494936021208904
0.784581252635288,-0.4063714396795404,-0.2061798567044495,-0.8621458557177615,1.0,0.8958966452038887,-0.4487427215060046
1.0,0.30393931073822134,1.0,1.0,-0.3961597300786416,-0.8351217779324532,5.103770404308043
0.8766437300008457,-0.307815638286868,1.0,-0.23753425565951092,-0.3057990479988428,0.07493501514071843,1.4665434330580198
-1.0,0.7388588611074751,0.24271333555211722,1.0,0.94582807458143,0.5492729951140033,1.544208970320551
0.5291977491475747,0.11470162059819144,-0.7849532421294731,-0.31086717822306525,-0.04486910839337721,-1.0,2.6784671866508254
-0.8417221313873691,0.4487429676276551,0.7474825882680936,0.6471176924559041,-1.0,-0.8169533490252523,-0.391602771692259
-1.0,-0.8217773380691299,-0.5129804755506793,-0.06231905698235037,0.1198547110702548,-0.21478282555485245,-0.3844084968635023
-0.8784417005916878,-1.0,0.7018480206591486,-0.1951457772270413,-0.41750605075270675,0.44403790907879614,-0.7464534214235166
-0.6539048508330261,0.7025805187496401,-0.33185907550324284,-0.24552089589954307,1.0,0.48977042672818294,4.6378951572155
-0.4211891464165803,-0.9988876138359846,-0.7256747085561523,-0.5693988785122611,1.0,-0.9845784528539749,3.5144224501015784
1.0,1.0,1.0,1.0,0.7811674482211152,1.0,-9.232582265210121
0.8634839002931487,1.0,-0.5231787581323881,1.0,-0.37529428402321185,-0.4554160145156073,4.839179276663856
0.06676172171297601,0.30547517654902956,0.898600593897069,0.6379310320957731,-0.04369406838622858,0.7549042345608585,-1.0679614769928134
-0.6181375785550774,0.5967071380594007,-0.6517399592157075,-0.6645478443516135,1.0,0.6888556365960214,6.010277414557214
-0.6782117974646658,0.5494823218099487,-0.47479718851222374,1.0,0.6118830958734656,1.0,5.46306798720265
-0.006679530516556009,0.40153582238036156,-0.26150397339567943,-0.38027059734685564,-0.15138887693479863,-0.4401789217465296,-0.3940525810862534
1.0,0.9988387948837743,1.0,1.0,0.6533745324532311,-0.8161125700448442,-4.0573640774561825
0.06384700289877543,0.4946047505251547,0.07728614632853781,0.39945098890616054,-0.011300472064301292,0.08778992206744812,0.9421883892321369
0.37643909995327673,1.0,1.0,0.229383239574873,0.7126369678749507,-0.833216905201507,-3.4471233835901196
-0.002468779809264521,0.1127867873388832,0.20906456080586072,0.058143174712852796,1.0,1.0,3.416912822392899
1.0,0.875146844977214,1.0,0.5277547705583296,-0.39106019046428264,-0.43448325223325757,1.065630572314455
0.3942242745830845,-0.16379826154897176,0.7699989426280831,-0.30265310327820594,-1.0,-1.0,3.5385485162320838
0.9324030100155307,0.05490380213322599,1.0,1.0,0.3880485289713784,-0.2484271520223733,-1.8017799647064676
1.0,1.0,1.0,1.0,1.0,0.7756529221414239,-9.9808721303435
0.36631231486983995,-0.2586012961879361,0.19181492207213166,-0.48488040781294506,0.776272630608253,-0.5655116945333254,0.9459087285449131
0.4899181985225176,0.26617761060328626,1.0,-0.6801736086868697,-1.0,0.515639288594104,0.1923771090658306
1.0,0.7970778070766977,1.0,0.9298273401113475,1.0,1.0,-8.146381081499976
-0.4834319656611328,-1.0,-0.04273596156450754,-0.5540283655769653,0.7066814632016556,-1.0,6.160995511851435
1.0,0.5900464873762798,1.0,-0.5996878006763481,-1.0,-0.0397042093291029,4.499587806044492
0.3827125500388855,0.9248138526182945,0.9557032808983876,0.29246551957628053,-1.0,-0.4119168298660536,-0.26402676636958955
1.0,0.5746755143325697,1.0,1.0,0.015951248343177626,-0.6130332281040964,0.5131886859103576
-1.0,-1.0,-0.8073949687270621,-1.0,-0.045690632836134615,0.20117779891523002,-5.843677362359952
0.5539441248310495,-0.9639204979462259,1.0,-0.5790957515049513,0.10548871899995726,-0.017033703187227384,2.363216954112877
0.9267479568160486,1.0,0.9130700717916069,-0.36358536732102553,-0.15738105559049642,-0.4546387954690353,-0.6877450002518085
1.0,0.06334790773144827,1.0,0.17953049967629578,-0.9238731868342875,0.4922060332901073,3.1579842360600794
-1.0,0.3412470393823688,-1.0,0.558685203538697,1.0,-0.7948561305280304,2.535720445077403
-0.905934586421371,1.0,0.09871725576885595,0.19368452077181353,-1.0,-1.0,-1.7655068196070456
-0.6305194388155357,-0.5435812867529966,-0.42608877701806225,0.5158602976162145,0.21005163740753208,0.913486711483143,3.2193962294224976
0.8148673970448072,0.25396107568398185,0.31865892731536793,-0.26064084367652324,1.0,0.03593404716778009,-2.6843233657100116
-1.0,-0.0026164749370531926,-1.0,-1.0,-0.25107453515799116,-0.8129545766169296,2.818116555715831
0.45407910214364317,-0.48031866816142904,-0.9237214334826327,-0.576936059526729,-0.8015985393482655,-1.0,4.153960923620059
-0.2919918825021511,1.0,-0.3661368077653172,0.5749764793574661,0.9405381153820289,0.7933915548809252,5.492827989768186
-0.6967482000724539,-1.0,-0.3326301617565135,-0.29296815092902495,1.0,0.6468781555048967,0.5737146809899627
-1.0,0.06816785130823136,0.3412267345877826,-0.8360793834260082,0.0970423868506341,0.12004529122619839,0.5433309958291404
0.8639448699080555,1.0,-0.007131371213855209,0.9376030143478988,-0.64264426528917,-0.27265202434511415,4.031769099120559
0.4343277536157565,0.5397064528199654,0.2526091462074106,0.13037269042028932,-1.0,-0.3051815998977414,1.2854066065983416
0.9409411380730526,0.2395065173744691,0.0014176704367631077,-0.36859637784772586,-1.0,-0.5112782911912703,3.4058383175514924
1.0,0.3699050155167128,-0.6828184055294821,0.702539334786442,-0.8461714545966892,1.0,7.12428237281808
0.14298687588378933,0.7336975469325652,-1.0,0.2671759025914737,0.06221722418686815,1.0,7.620287560511686
0.38716422982825466,0.34056195743974926,0.9939240318390132,0.1388981453959619,-0.12587480981287213,-1.0,2.0625064805029147
1.0,0.6360631142387585,-0.8022645562900382,0.7186381907937963,-0.3085808979670476,0.25078796287412497,2.4250050462161816
0.6727888310367705,0.7829064520686118,0.6538132236006343,0.5046847514451225,-0.705268074613505,0.7672740639749384,2.4238429418770195
0.2617295028379406,-1.0,-0.44921576361678384,-1.0,-1.0,1.0,8.754300469583274
0.11888583619568147,0.5781449799819713,0.4664302282860042,0.6532751265958157,1.0,1.0,2.4860407881137947
0.44245352607097854,0.7872526628427139,-0.002806489480537855,1.0,0.5223275446853515,0.09174651369665832,-0.45267988168405915
0.3512495334270276,1.0,1.0,0.5044495021578256,0.26517695443982564,1.0,-4.1333391212454655
-1.0,-0.7520777474649276,0.42392139562097664,0.6008882762969259,1.0,0.06915507719981151,1.7437638786014733
-1.0,-0.14036887699592748,-1.0,-1.0,0.31648320196184654,0.8446157199207844,3.971616749174711
-0.3936475006387303,-0.06296788601069205,-0.8621953618425625,-0.20611978916048965,-0.8880615311962601,-0.8972669851426294,-0.48618865297989633
-1.0,-1.0,-1.0,-0.39131814525887343,0.4193287959014586,-0.4809853559354309,-2.8726414685892916
0.3091068090164062,1.0,-0.40218899585081874,0.0567917914719937,1.0,-0.32843034670792925,1.406591851244648
1.0,0.9984693878338637,0.4294349133275218,1.0,-1.0,-0.10550480941105622,6.024594296337541
0.9096217266265023,1.0,0.20881511241435707,0.5249295376640692,-0.6952438809835905,-0.1467130638131458,3.315268066140124
-0.273904811149828,-0.08901416752092528,-0.18215123276500833,-0.6611851570651479,-0.8061290974379687,-0.8778950385121436,0.390768161556587
0.5277537861762711,-0.4994700960026929,-1.0,-0.6016510541171406,0.009397094532983097,1.0,3.805737600009256
-0.14714894309171656,-0.7380724240965009,-1.0,-1.0,0.6980216836575088,-0.006596111254944817,-3.0321819530554426
-1.0,0.7990851435140076,1.0,0.08019510479267272,-1.0,-0.9800430114867993,-3.1118598231146954
0.021038169806021245,0.2466654781190849,0.29918083616754115,-0.3906737262891399,1.0,-0.00880158099008821,-0.055919054148395486
1.0,0.990140733447432,0.1372707587955728,0.18292722000123185,0.8388279387963724,0.9943219390302807,1.7718086482531867
-1.0,-0.7781699848528556,-0.41173120060052937,-1.0,0.3434735824294097,1.0,-0.5842960909711001
-0.18438090012224023,-0.6949462487324835,-0.1832521165557227,1.0,-0.07514643144801625,1.0,2.8131728301541603
-0.5114979106057521,0.4353463459945308,0.899450072505124,-0.15551533893040115,0.06765935684181573,0.6930517344562602,0.2212142180922132
0.6883056077572768,-0.1887265009305204,-1.0,-1.0,0.18041818404007626,0.4785403887756487,0.24791270754779238
0.5277674472694045,0.39850327729182866,1.0,0.5293755760201087,-1.0,-0.4280697080666298,1.3099691152140898
0.32636932454881407,-0.33050505746171677,-0.024327575858398953,-0.1284381626463439,-0.31472033493625673,0.1554405900015987,0.9976060998027043
1.0,0.9506204196444272,0.5810437453867487,0.057783142723900394,0.8729831717687588,-0.047700269721491884,-3.853654132075721
-1.0,-0.4607630619965608,0.2800787056433394,-0.22511858089632453,-0.8745809399325327,-1.0,0.27976335396893137
0.40005633944429875,0.33242094354083795,0.3018104522649032,0.3569877083155697,-1.0,-1.0,4.5147655101496
0.1953949775555603,-0.9169357380781653,0.24982018441408604,0.7212587077999955,0.29091774104894713,1.0,2.497278456000078
-0.3763352243790439,-1.0,-0.09534627173584946,-1.0,0.6401643275335553,0.6662680704735355,-1.2881485218702637
0.7568106035478832,0.48708442552491804,0.15358502685645647,0.4073130040090098,1.0,1.0,0.6898338687009984
-0.7353545615187014,-1.0,-0.5208881476324645,-0.7396222303048079,0.6660710521293661,0.39187424392413206,-1.7180291577716855
-0.0419034753798595,-1.0,0.611412771873665,0.42328139836247014,-1.0,0.8052925443047378,3.0452049775161125
-0.24353398541524385,-0.3588433893952907,-0.5040144999425712,-1.0,-1.0,0.060396750943173205,1.7653479499849232
0.7689592326771417,-0.15364564118700919,0.5444616616424837,-0.2707990434322769,1.0,0.7223567757785043,-2.3558159045070886
0.3657627998409625,-0.5494574662541342,1.0,-0.8422565651595448,0.9832080864513417,1.0,-5.645949648161289
0.28703783007632455,0.06112292368209504,-0.429456323294768,1.0,0.7464889778402062,0.08918006626264546,-0.6162352946519458
-0.0008981284224255648,-1.0,-1.0,0.006285120694222657,0.6552857956712275,1.0,2.1521541269778783
0.1102785855789768,0.16009990425347875,-0.9220038557570291,0.29898862268296617,0.42153494323649626,0.8793477840219972,5.5965044322598
-0.5077605134897409,-0.1759031931211278,0.06535841511453455,1.0,0.5588975755552282,-1.0,3.57457046205677
0.55623522307976,0.8487075721145096,1.0,1.0,1.0,-0.6648888437865526,-4.616710475529869
-0.6334092706028891,-1.0,-0.4049112936684973,-1.0,1.0,-0.1310554220298924,0.3695108667625945
0.8331806081371528,0.6879125379704829,-1.0,0.05641756109467255,0.025721530834011297,-0.45004389659137856,0.04458065171707007
-1.0,0.7254221202260506,-0.5683701950291052,0.49211623426468143,1.0,0.11124145907310129,2.7073902161964725
0.02476851860932866,0.9873052775333062,-0.6167393400261043,-0.7154922964087814,-1.0,0.20288493351574155,3.9891299482959948
-1.0,-0.4726157206503839,0.7753156419037717,0.5447166231747412,0.5576380356673009,-0.7017840792935566,3.4724463275350197
-1.0,-1.0,-0.8916507615938105,-1.0,-0.3248740522631953,-0.7453901901149473,0.06883440275370012
1.0,-0.16741009121620237,0.021808355310167837,0.5364548637714448,0.8022104545328301,1.0,0.5330108606772367
1.0,1.0,0.7861889541580204,1.0,-0.5760876455569955,0.21958476044891662,0.8110202544951949
-0.6824862668064984,-0.9294837477174416,-0.5771673119092072,-1.0,-0.3511282319964002,-0.17121184583665244,-1.2145273025288021
0.833080010240195,-0.018465016285762748,-0.8998012078363775,0.7778854376585858,-1.0,-0.888275042683649,4.378100614251361
-0.7124489205502943,-0.02833325902861733,0.19477087987962882,-0.3234180662103816,-0.8787359057825617,-1.0,-0.8345604144324211
-0.41796140133077797,-0.8050611993312047,-0.8059260239994567,-1.0,-0.46634923595549505,0.11013057528857978,-1.9969300660952414
-1.0,-0.3822584655225865,0.2836272594246985,-0.36561557912748094,-0.6025452670407254,-0.3947879765493262,-0.18124823011931152
1.0,0.1440816114372539,1.0,0.32418558881928883,1.0,0.059867960237125206,-3.59644453990317
-0.5698058327710325,0.05413676941965945,0.46635001017840433,0.17478419159922362,1.0,-0.35476324812759685,2.2800084670356786
-0.07706265545903812,-1.0,-0.4872333561120399,-1.0,0.660715364030718,-1.0,4.622586108110165
-0.9411863544197019,-0.5364671736026223,-1.0,-1.0,0.5913546952681557,0.9914036682169018,3.7769473143536705
-0.13898400511097375,1.0,1.0,0.07043779462454591,0.6024979614815229,0.7062255693020991,-2.30539576773089
-0.9405519133641217,0.1991869248650222,-1.0,-1.0,0.8553070028111561,0.66675801314575,4.661805398721961
0.04299692027015084,-0.16372891341401946,-1.0,-0.31002463261176194,0.9049291354340703,0.21961420873298776,-0.4717344456785748
1.0,0.4572794434202513,-0.9791635700798841,1.0,-1.0,-0.0050818020405875575,3.8994565117063797
1.0,0.7909715275924969,-0.5139840010856191,1.0,-0.553261040193413,-1.0,7.442972121642347
-1.0,-1.0,-0.25290910175272185,-0.958983800151878,1.0,0.25466002287847367,1.2829284802386427
-0.3046069244647629,-0.5724980955128212,-0.055901344756495774,-0.7893933609338553,0.4659614803530195,1.0,1.7471848481304548
-0.6973043724677961,0.32323180574750776,1.0,1.0,-1.0,-0.09956656130519204,-2.3668098555788024
1.0,0.9055364337134257,0.3001992779891678,0.5280221088871526,-0.4215926111267453,1.0,3.7048934190297924
-0.006203679840467213,-1.0,-1.0,-0.61893488656168,-0.3299869432848756,1.0,2.6426903935126207
1.0,0.07021905299753517,0.7903294849173332,0.8119536976274847,0.6848458291109294,0.4494227008421183,-3.095509323374521
1.0,1.0,0.9884149758465277,0.8748808209683401,0.9628563924389564,0.9449701398752648,-9.124172753235928
-1.0,0.06423242108305538,0.37883779594471373,-0.22856510511885691,0.6077306621034475,0.2870933034808032,0.9635741344668646
-0.44247500975323617,-1.0,0.014331362313236395,-0.5484788334294046,0.22660001577362587,0.2327635432403643,-0.5905847949452616
0.002812706917545482,-0.0281582214165213,0.21407260052785482,1.0,-0.27558356682146956,0.2680124441055081,-0.32209097620055505
0.40210173574508556,1.0,0.5753503602887944,1.0,0.3986805937877327,0.8050941285536717,-2.321408399468998
0.6793561732423263,0.08688710382237419,1.0,0.5543638711074226,-0.16969115070414953,-0.7578593183556773,2.311760251504231
1.0,0.6687557107356914,-0.027265819593021767,0.665063935017155,-0.40604236273911315,0.870057181936764,3.700644229314642
0.34963842646913434,1.0,0.4971307718607433,0.7824810037981548,-0.017671657592469914,0.46562843960717504,-1.1211260197518051
0.7870734163011891,0.1943183204322449,0.48420900569675973,0.8927176896213467,1.0,1.0,0.3006607199245549
-0.06439269897403,1.0,0.11246048182107471,-0.7367152997803351,0.3910781898582125,1.0,4.5542680531137725
0.9214484254561042,0.619444887367178,1.0,0.5105757137567043,0.16759826912190176,0.5290737905315912,-2.240765260590184
0.5768864338467106,0.255338596662531,1.0,0.16570761960704128,0.2629659253909743,-0.6950287360730586,0.9290827884749446
-1.0,0.12093549428753592,-0.14985234115232604,0.12434772352598511,0.19136215809493892,1.0,2.8281714927966712
-0.03180509863109671,-0.4060544635671325,-1.0,-0.24808295747909526,-0.15820546830295446,1.0,6.276339217849779
0.15707869091912152,0.39308172809186503,-0.7697431364054944,0.7997804643036084,0.47373659651582867,0.9168421985498821,4.103904701344244
0.4656526310985152,-1.0,-1.0,-1.0,0.053389354979387904,-0.17231048185857878,-1.9365951450273813
0.18157066960517754,1.0,1.0,1.0,0.009089679439733989,0.2646332012994888,-5.206163950077147
0.9133843040069873,1.0,1.0,1.0,0.6254404203793648,-0.2839470457418621,-4.139190795261476
1.0,1.0,1.0,0.2560442203279505,-0.18379158451861605,-0.6612153784575685,-0.054861731922564605
-0.5133124369218816,-0.7102955656517085,-0.6928191682429649,-0.5175849740769758,-1.0,-0.05621856562592681,-1.2220290765162
-1.0,-0.2526028558475728,0.2130047224065903,-0.3798411568006044,-1.0,-0.5364805313518286,-1.2527515025178568
-0.015787895885955194,-0.14332810899226928,0.0666502116624792,-0.8129144016020238,-1.0,-1.0,3.291062185198614
0.06187925524022342,1.0,0.8702511836588676,0.0010286751574755115,-0.9551977326789567,-1.0,-2.3906830033611977
-0.07373122183849268,-0.5304703046258988,-0.3650160964520211,-1.0,-0.34639144664855437,-1.0,5.048540511618194
-1.0,-1.0,-1.0,-0.5739931770445287,0.44005925634505916,-0.4177898879649638,-3.049516839343124
-0.4432561112537462,-0.2542427973535568,-1.0,-0.026747446409250974,-1.0,-1.0,0.9424747037157877
0.8453453261446034,0.7908951237638453,0.15933066111019167,0.34422172287691644,0.7183079687571049,-1.0,1.6767859233000144
-1.0,-0.0007398340856009655,-1.0,-0.3735380732676423,-0.3886282504571656,0.3548178800568636,-0.8401466756698461
1.0,1.0,1.0,1.0,1.0,-0.06430311531659479,-8.025232513722178
-1.0,-0.569240081383382,0.033636929131135695,-0.2618088042270228,-1.0,-0.8762027910997692,0.3726377034561156
-0.5030612652070835,0.36549464853992814,0.7985828912033598,-0.6344873686372268,-0.23702385279532567,1.0,-0.1621738543313484
-0.09909355081961457,0.6612702010954201,0.37947342825758623,0.2763976153650516,0.016241314174322397,1.0,2.5948445437680228
1.0,-0.6587388044619682,-0.8838393918332788,-0.4888650151372069,-0.04483432786954211,-1.0,3.8166277935599147
-1.0,-0.08718518330668124,-0.6162713760803555,-0.2998870608477602,0.4617143670269699,-0.0463427592631004,-0.02344399094271643
0.9165414849980196,0.5879134186464944,0.9436749716753388,0.5793021651517578,-0.10248782514298405,-0.02059837432763295,0.3085056218940594
-0.7184532139042821,-0.5506349248250865,0.48030141297629375,1.0,0.33891122412959485,1.0,2.3437349600300452
-0.2576606175427516,-0.5184841717762041,-0.5689913501840944,1.0,-0.12270032705056644,0.556912270686947,1.6672199076450291
1.0,0.27178962391216577,1.0,0.47421636243491183,-1.0,-0.35976775621752966,6.258902069794604
0.9375358444253249,1.0,-0.1794624687470599,0.9429737477278243,-0.7929365089278761,-1.0,10.353431019292032
-1.0,-0.5693231659995301,-1.0,-1.0,-0.9356725635729538,0.3557494283727437,-2.50484008661809
-0.41546337517297827,0.849133538849594,-0.909596256845412,-0.1888558031027271,-1.0,-0.7809235410307664,-0.44897458961109576
-1.0,-1.0,-0.11924578287311505,-1.0,0.706593968832104,0.5954844290341472,-2.430419618474764
-1.0,0.29494261612102934,0.5124948350385473,0.6132323153288591,-1.0,-1.0,-0.1677075418823205
-0.6466736088752516,-0.09027688120054317,-0.9896842017563174,-0.4946045637370604,-1.0,-0.39312190753069887,-2.209753845967617
1.0,0.3594605548441535,-0.6308701081933736,-1.0,1.0,1.0,2.0750310416844835
-0.8244573627519192,-0.325470701523797,-0.9289910158655572,-0.9530134642860345,-0.36172273200212657,-1.0,3.616879005837203
-0.496193943772543,-0.12404918062018777,1.0,-0.3461859420140874,-1.0,-1.0,-0.9083639060959694
0.948844996009565,0.10045857055030494,1.0,1.0,-1.0,-0.856947097763489,7.255413428661062
1.0,0.8240336379941655,1.0,0.14473095525733173,-0.734543905531454,-0.008482202273664252,2.335482576843171
0.5019513776367719,-0.16633390677740872,0.23061233038439793,-1.0,1.0,1.0,1.5744428308832106
0.37520718813798615,0.44757944747014383,-1.0,0.5350027109171839,-0.308718353846175,-0.8769223796023976,1.583831878606719
-0.9206691539609617,-1.0,-0.2267834564453466,-0.23079333666690083,0.8342105768919368,1.0,2.858276857925219
0.15681435657702503,1.0,1.0,0.4267797662008366,-0.437828506603149,0.8487866131794207,-2.977287201005904
0.899472711724662,-0.06070447981660273,0.6426944849731273,0.39952520412611514,-0.6719472994579223,0.3382105876740509,1.290379083286608
-0.6894559805314296,0.7314085555814529,0.1730923311674775,-0.7179929163301412,-0.8333952242617149,-0.7749730253402043,-1.8086595551443483
-1.0,-1.0,-1.0,0.2201982806056038,-0.860720683148396,0.6046751455730901,-4.662616758464274
0.654526076205781,1.0,1.0,0.8698873724682239,-1.0,-1.0,4.909665626895402
0.09749701991463858,1.0,-0.03718571808360498,-0.7777511983263837,-0.6771080089101656,-0.23323052830305813,1.3425559165417407
-0.08031301874633068,-0.06889734525923097,-0.020153174483577077,-0.26676920049107194,-1.0,-1.0,1.3326705933566059
-0.6382498833280047,-0.9934829920242454,-1.0,-0.2466609428507529,-1.0,0.1364603054194472,-3.999747325892246
0.9419090695223562,1.0,1.0,1.0,0.45432555014529075,1.0,-7.44719679933251
1.0,-0.3877978317391264,0.5581843244881631,0.15537666432475483,0.4128242429190446,-0.4813280087899898,1.0312348473025947
1.0,0.5698722281642064,1.0,1.0,-1.0,-0.496914050948272,5.7255773376530446
-1.0,-0.9095197345182506,-1.0,-0.6053359177168407,-0.03288710138410833,0.3938221064604049,-4.252498225576631
0.9491305922144738,1.0,-0.3461059225958535,1.0,-1.0,-1.0,11.13394558291161
-1.0,-1.0,-1.0,-1.0,-0.8699585499143627,-1.0,3.414265222235037
-0.2416785638274983,-1.0,0.7412658451846031,-0.5401851760286772,1.0,1.0,0.998147766892268
0.6301554265484799,0.36188323914148945,1.0,0.597038564902487,-0.7743907656289312,-0.7022923783077426,3.6469380713247634
-0.2975300565243828,0.3652853634101908,-0.581888659050479,-1.0,0.3216670548368462,1.0,5.464033540685886
-1.0,-1.0,-0.6465506964642531,0.6595093328612995,0.14634736029106415,-1.0,1.8555893584201888
-1.0,-1.0,-0.5977172509199257,-0.351902895612798,1.0,0.2915249922447747,-0.530700734060489
-0.18162968552423386,-0.14623988891045347,0.48609885992238877,1.0,1.0,1.0,3.9582483001671074
0.03082596452786235,1.0,-0.06878311804563231,0.9115548442914483,-0.03452761729722309,-1.0,4.075325070345134
-0.2267689949193714,-0.1947854988899621,1.0,1.0,0.16628286312445084,-0.5482549156236224,0.41576473294426347
-0.16263438756009996,0.6687783460664247,0.5928260676482043,-0.525577098573532,0.6880806584989847,0.9880582662285549,2.5737781192899725
1.0,0.4049601444069078,1.0,1.0,-0.023324657968618455,0.23256502608275637,-1.089974722704649
0.860558592093519,0.6689941771408187,1.0,-0.9187493573531853,-0.5193429792652131,-1.0,1.3916972401748318
-0.08532712097179707,0.13446661362896772,-0.3043435588030339,-0.42218337637283887,0.1917573875314924,0.9548240166455806,3.713624748344218
0.7381062484179731,0.6080227870110397,0.613249989449898,-0.3763756375335603,0.04900166913354381,-0.5125101831671888,-0.04357150395070569
-1.0,0.06960971084076906,-1.0,-0.30333294234074404,0.9681240769469076,0.2146179678946374,-0.12907811991097917
0.5121374297505316,-0.2710432544305439,1.0,0.9607223541336527,0.9016871488219749,-0.22008507330849159,-2.5388558873700466
-0.7063107689225717,-0.06025830571862731,-0.3188148723734612,-1.0,-0.21207792949440588,-0.5797134138239671,0.4680396885919433
-1.0,-1.0,0.38377982987614034,0.7037696301039802,-1.0,0.1322780850326093,0.4661463926446373
-1.0,-0.008498556656979628,-0.8285199094530517,0.28649205433527225,0.22595739735899806,1.0,6.741268574907531
0.5307518422319689,0.39640349320390955,-0.9387582652615665,-0.12623775699939618,0.30120551562095477,-0.19581246039730904,-1.1439386247433851
0.9106182826766387,0.12438460021270512,-0.10362796277903155,-0.7257465464665762,-0.7405879604709255,-0.4997787047331763,2.5092907927840837
0.6207093423606731,1.0,0.6629593726851366,1.0,1.0,0.8326467237429638,-4.621978634850598
0.6453312932711778,0.11958493157855471,0.5900062911909765,0.5338733875079527,-0.5089242668230625,0.4137174239763026,0.7912663540935134
0.9912682682755468,0.4735296699151741,-0.055536264174900714,-0.030424341052682102,0.7718873414971916,0.9205477304965801,0.4921808153888027
1.0,-0.47031825587388254,1.0,1.0,-0.647639311966861,-1.0,7.103444089764423
0.8619389344145718,0.6056270212629713,1.0,1.0,-0.7499050977748873,0.6132129119269522,1.7806324933179125
1.0,0.3356692534966805,1.0,1.0,-0.6441413474811808,-0.5545083626569333,4.348681623021212
0.7457574199735966,0.9469615120020468,1.0,0.22675915334986163,0.9916530573023976,1.0,-4.415655516532284
-0.2831647998433842,1.0,-0.2853470145968115,1.0,1.0,0.6561521777044994,2.7276388431881893
1.0,0.047649986815987644,1.0,1.0,1.0,0.585862673980873,-6.8700271573227285
-1.0,-1.0,-1.0,-1.0,-1.0,-0.202926184796467,-2.4750780745891974
1.0,0.8701884036800116,0.009220653323286088,-0.15954893133486273,-0.8811212933484989,0.0032079103031930067,2.9075485632330245
-1.0,1.0,-1.0,-0.29263569665817,-1.0,-0.2435010529724828,-0.14966333095492773
0.7090187138022024,-0.33900580946957093,0.28992172996750565,1.0,0.29370467522859856,0.453718039986746,0.10765450558314915
0.32093845744218497,-0.541380510445233,1.0,0.5538983135339666,0.30749549811089283,-0.5955697511874966,0.22236023410447603
0.5968253213037489,1.0,1.0,1.0,0.399362113661315,-0.2341468229612187,-4.300162738953768
-0.5832628623821465,-0.04764714089252031,0.10538932573520043,-1.0,1.0,0.3467103449460521,3.4514095823947346
1.0,-0.2813347606339993,0.627226732485368,1.0,-0.5125107864856875,-1.0,7.233166516037957
1.0,0.5407119964124465,0.6176713326669314,1.0,-0.6770085746951942,-0.9374020855512895,7.537212864560089
-1.0,-0.5273753897139264,-1.0,-0.4565459066640567,-0.3459478400833855,-1.0,4.779748493726556
0.9513228989193745,0.6651366740770068,1.0,1.0,1.0,1.0,-7.999962784066378
1.0,1.0,0.8697026156502214,0.7252091409189823,1.0,-0.18036380091049786,-5.162741311365762
0.6049953560649255,-0.754702521501676,0.11278008237135362,0.9568227533839615,0.2488728197277577,0.695812531247093,1.3406531968871955
-0.6585130292027429,0.029718826319393488,-0.09037614445173253,0.7261325444393123,0.5254166817801258,0.715342361620315,2.4546667098736568
0.530455979928184,-1.0,-0.6660569278622381,-1.0,0.23164177323458934,0.3300625300430293,-3.340450241776929
-1.0,-1.0,0.027433876393656853,0.2172181495614195,-1.0,-1.0,-0.36700976683434394
0.8582399545554413,-0.39452033761657457,0.5078427794432456,0.5856604015436788,-0.5713505456050214,-0.24030573339534467,2.1339378259992574
-0.16289854307624152,-1.0,-1.0,-1.0,0.5741631933084258,1.0,-0.8989426256228353
1.0,0.0537351460697737,1.0,0.8800777832697131,-0.9888345945403596,-0.5974443457972076,6.33913242079763
-1.0,-0.2557247012997649,-0.2004600953762654,0.5255142663887403,-0.5863445675387231,-0.94095105853722,0.9687812087863383
-0.28423178130883464,0.3786229529456188,0.23747188404686437,-0.041025526511809685,1.0,0.5904291703665405,2.431775792925047
1.0,-0.7902904605341488,0.4436830100863387,1.0,-0.5779417580314059,0.42900620014247304,4.409229999307355
-0.06530989973310553,-0.11901087941883165,1.0,-0.6714378202418576,-0.27903528208038364,-0.6893957961077255,1.6046866889554656
0.4659875487249997,0.09112659624254216,-1.0,-0.7147807968974158,-1.0,-1.0,1.8944072683721407
-0.02212619348561795,0.05916947857569893,0.8862721769508012,-0.2490088610651563,-0.2636729530596041,-0.9486137719135683,1.7786888690675386
-0.2934451917076173,-0.030168199957789743,-0.639883751258036,0.10518964421836452,0.3648990623672326,-0.12155235473857198,-0.38824225390582345
0.4390005893344884,0.9975795807910052,-0.15570762923114323,0.6304404800385747,1.0,-0.2160947817448851,0.23126475985159858
0.514389392443898,0.7132346866690882,0.13436017296873848,0.5852273078700791,0.6167594377159178,-0.07218707227740462,-1.6581623636939762
-0.04723842591959679,-0.20781754400269947,1.0,-0.5327021703365931,-0.9112399172238999,0.7662833074519005,-1.6914248200278104
-0.6142113112071774,-1.0,-0.9148062988762786,-0.8362067582655475,-0.5293435531174209,-0.7607278291252357,0.7970617016243802
-0.7857653013522364,0.4686182780559809,1.0,-0.13630515817155514,-0.31460219391376865,0.013001905235239475,-1.1587173072645918
-0.18136700473666503,-0.48547024947428546,0.6278175458333524,-1.0,-0.6097622893458423,-0.4571595925259846,1.966034562013322
0.8469689803062705,-0.6542958865639599,0.24785698612203905,0.6781984823870663,-1.0,-1.0,8.327679938939655
-0.20218346755517136,-0.2812332829138994,-1.0,-0.7040474620806234,-0.6982412683382666,-0.6155293038047989,-0.15467640907655256
0.5706498467016888,-1.0,1.0,-0.20859206301765515,-0.8618469147685686,0.5246040408375565,3.8169077728267418
-0.5473664415756458,-0.001260922461863434,0.3021216756397795,0.056096473130139435,0.13982994133542137,0.05179688932687443,0.24770825485144832
-0.7706034845209667,-0.19924225756694214,-0.3805874204827735,0.659348043624588,-1.0,-0.39328168459107027,-2.30496914251996
-0.3623465061248263,0.020585859609359214,-0.07596704505618757,-1.0,-0.04057058623684606,1.0,1.7910037532435967
-1.0,-1.0,-1.0,-1.0,-0.1505930694728469,-0.7726223598429083,-0.6285538837708107
0.2054041564277891,0.7618970834147158,1.0,0.3111472078527573,-1.0,-1.0,0.670906847147892
0.4267467388619808,0.8781694099324904,1.0,0.42315635643752625,1.0,0.838193350348381,-3.787435827239237
0.5606782034343832,0.3169527666169185,-0.4834300866348833,-0.249646175970049,0.8968205397654988,0.2970528359656617,-1.4801623968681816
-0.17882484961808665,-0.27252928017746325,0.4199816219189564,0.19985949761851818,0.02071857314388592,-1.0,4.0763587626557705
0.2112982284801474,-0.4946484747410156,-0.46422958547853277,0.0794607559290953,0.625979016727287,0.30705967679832347,0.024575229385905784
-1.0,-0.6453124024730769,-1.0,-1.0,-1.0,-1.0,4.727712578597081
0.1328463053802797,-1.0,-0.8420746480952013,-0.8171510546264096,-1.0,0.6386284510636488,3.6550136552019357
-1.0,0.017118643607600126,-0.8140618281322769,-1.0,0.09917928820410227,0.6370456913879332,1.22151209843422
0.5739300080107471,1.0,-0.9296853494467318,-1.0,1.0,0.5609319114518665,5.505494606220279
-0.38397469572093224,-0.15360920221071378,0.026709812091024077,-1.0,-0.27172796633280616,0.4943265423152045,0.347031976096699
1.0,0.8025571712659512,1.0,1.0,1.0,1.0,-7.39299856437146
-0.5796399354641335,-0.3660905760129174,-0.47093561674709483,-1.0,-0.1836687362856244,-0.27598564296021655,-0.23882964529585668
-0.8584447773713412,-0.4527002463348753,1.0,0.7850030297960875,-0.5925850032231434,-1.0,0.3285211901112761
-1.0,0.4324383567496984,-0.8397614203875461,-0.15132031197299,-1.0,-0.1315432249917987,-2.291634651081271
0.5724709477987342,-0.7706323609316059,1.0,-0.07239154955360116,-0.9819892624327542,0.18142231272485498,3.0635240981913294
-0.5333134293282297,1.0,-0.2903522567344948,-0.4105714328037542,1.0,0.34728819225992136,4.9529298122653085
-0.19748000750631495,1.0,0.46749277489437263,-0.06682463448355769,-0.45618268040296917,-0.3282133789824778,-1.3572952118905752
-1.0,-0.8213682488294641,-0.2793024263807784,-0.9538328629519774,0.13350253933828388,0.3419960936919467,-1.9349015970583276
-0.21018218585022902,-0.4657392551570706,0.3934156079818046,0.8285974917541026,0.35526478438098086,1.0,3.2357460550391774
-1.0,-1.0,-1.0,-0.8154097972368162,1.0,-0.17049267185381156,-6.2102088417478845
-0.1010605593217746,-0.8781566923152282,-1.0,-0.9373161257652947,0.08593904304968825,-0.5036447759691598,-1.8986038396269778
0.25697110897351527,-0.036333314547522255,-0.841945627621826,-1.0,1.0,-0.965736957577009,1.801909116389656
-1.0,0.22221724255939967,1.0,-0.4127976777758038,0.46469558473745565,0.8440614476393191,-2.090918496861088
-1.0,-1.0,0.6053413028852945,-0.44559594442006906,1.0,-0.48395128116894187,5.899390065194304
-0.2163472712359903,-0.09194714198768086,-0.14785367571165198,-1.0,-1.0,-1.0,2.8462847314774327
1.0,0.5957417553411262,1.0,1.0,0.1924098261059789,0.11821867560215599,-1.9688852192328525
0.8397502335162983,-0.29346006363358834,-0.1179624534524793,-0.0027944221927240775,-0.3419698660781641,-1.0,5.747811283171651
1.0,0.7072055247132967,0.26909487571635593,1.0,-0.3891272882805222,-0.9677260175702991,7.8658949721824385
-0.6033947159709611,-0.6828837289022104,-0.6285994527288233,0.0798776131485639,-1.0,-0.47953702233671325,-1.6572679067544707
-1.0,0.7559057064215414,-0.21291349418575334,-1.0,-1.0,-0.6442642376022474,-1.450374248071161
0.46693412891714525,-0.8056791281290991,1.0,-0.7334781453792816,1.0,1.0,-5.908243069674764
0.12781666436822814,0.19396531040575393,0.8939112167720449,0.8914325489178017,-0.43932580383581865,-0.5850256729108152,1.1014566054504402
1.0,1.0,0.8907637926372696,1.0,1.0,-0.9647883985137085,-5.837459097010482
1.0,0.6540292718915133,0.38951181813352975,-0.8579917727012358,-0.004961922592347845,-0.6467873381200824,1.844191479371974
1.0,-0.14614924384751737,0.5817754381307386,0.941687614061348,-0.5395410413435211,0.6157842310646153,1.733984349071327
0.3489009572624958,-0.5618596997586187,1.0,0.5961225510403511,-0.1802048519737499,-1.0,1.851006582109307
-0.9018571209775216,-0.7736097568926106,0.13848131164985644,-1.0,-1.0,-1.0,4.512399197481681
-0.6943812359675394,-1.0,1.0,-0.47141868082737587,-1.0,-1.0,4.973638619594503
0.59251309712264,0.9168000674462489,1.0,1.0,0.19950561636718428,-0.8632706266204893,-0.4853478619063374
1.0,1.0,0.2614215017237742,0.9585771671702505,1.0,0.8542695375726257,-2.3658679312824518
-1.0,-0.6619692365857324,-0.7910991975987497,-0.7157991933221759,-1.0,0.9924082819488352,2.0104096123685857
-1.0,-1.0,-0.9582069024266706,-1.0,-1.0,-0.4385531015326273,0.00497802902396921
0.6752967398974448,0.7404716634819195,1.0,1.0,0.7090126260597376,1.0,-5.934524828976312
0.28376803221543767,0.4673178788586031,0.162228766977502,-1.0,-1.0,-0.22416860747451367,3.4211213092089627
-1.0,-0.6329593147912506,-0.7026946045420173,-1.0,0.6335986008099164,1.0,1.6245563145867221
-0.9238965128219474,-0.2884990729503254,-1.0,-1.0,-0.13366477860434023,-0.817817785126348,2.232292538826954
-0.9370796001872022,-0.3923490143008965,-1.0,-0.6355474759305206,0.07396396505786229,0.9858634544842775,4.6544369339161715
-1.0,-0.3618052983537241,1.0,-0.782520603307132,-0.6939980819653857,-0.024009881176103143,-1.773260404102012
0.27571271530784836,0.8288461722213744,0.05538552486318177,0.9453964451345896,-0.8798872455723259,-1.0,5.9053315377639475
-0.157074849784135,0.7602277845037575,1.0,-1.0,-0.458679458978514,1.0,0.9411367787427725
0.4466541524379486,1.0,1.0,0.14383562956904994,0.9695826988660732,-0.5877468359964083,-4.314613622063497
-0.37605094829822516,-0.3797457893767757,0.05357646327646348,0.813987454061101,-1.0,-0.4110068252050524,-0.3704802307461152
-0.16478634453737087,-0.20033712256060232,0.6830142066880575,-0.5585906577233004,0.8361935957299149,1.0,0.6299485145163749
-0.16085256784483462,0.7968813715151518,-0.6920018054372961,-0.08514036138719588,-1.0,-0.8915195748930906,-0.033116334938493155
-0.39022104156237836,-1.0,-0.7579492629509805,-0.3064201512104008,-0.7098054593780456,-1.0,1.9553879415901867
0.8214989157858377,0.49845147189356853,1.0,0.0978403957072389,-1.0,-0.312331878189379,3.7925379885226365
-1.0,-0.6869937164464686,-0.959303038069302,-1.0,1.0,-0.8582810909202925,2.0348359724726777
-1.0,-0.8828795783874697,-0.8142303230324588,-0.7775243228003763,0.06804211787440051,-1.0,3.6780923550296634
-0.7063015196195583,-0.8313936898396934,-0.3611752763476987,0.4427989012794892,0.24593433043301216,0.07139552820632122,-0.9571120505150148
1.0,1.0,0.04357903358687487,1.0,-1.0,-0.7319284517548011,8.727602752069773
0.04215399954734145,1.0,0.5068636916501639,-0.71257142433661,-0.2599304796162525,1.0,2.703204392481104
-1.0,-1.0,-0.4651163863283232,-0.1403195797645122,-1.0,-1.0,-0.2162773238739305
-0.757546553645581,-0.5880860297825256,-0.33356072774102685,-0.35378627250535,-0.531743910636855,-1.0,1.8408439785613602
-0.0697885752644114,0.26442398907542236,1.0,0.49646488501295805,-1.0,-0.15908713655982587,-1.4576142540793302
-0.709189503040782,-1.0,0.06829732595571536,-1.0,-0.10657326888079505,0.8826691143597325,-2.579910072133376
-0.06095419013476877,-1.0,-1.0,-1.0,-1.0,-0.25733471830004495,2.1424171679843083
-1.0,0.2678144077234443,-0.43182603633881933,-0.9997559352777934,-0.08254608977527411,-0.5198479831075495,-0.4736032595443752
0.14486769335196456,0.047619375400645314,-0.5759510512241413,-0.8004109798615721,-0.6523749980026352,-0.8861148975279011,0.5355404229155027
-0.5024913494916681,-0.9671006127544195,-1.0,-0.8342497130590765,-0.45913657084110304,-0.6784064030549553,0.06246081112563473
-0.17599621780969732,0.8827360372945731,-0.04816312251832178,-0.5180603988255019,0.2001106003666197,1.0,4.109110045730777
-0.6714995448599621,-0.7557791635943963,-0.7718235583930684,-0.9190492528865928,0.014106113801931719,-1.0,3.2235111354511092
-1.0,-1.0,-1.0,-1.0,0.12413687370037785,-0.6734053782582118,-2.41556728667455
-0.15903882029665584,0.17547823947413965,1.0,1.0,-0.4171931294122352,-1.0,1.592874508701836
-0.5109332573880219,-1.0,0.11340545622978049,0.11378318022462547,-0.8724701564738322,-1.0,2.800295644200947
-1.0,0.0886165901029482,-0.1535851823659189,-0.5859482100201079,1.0,0.015911098086079045,4.043787811544471
0.5674784389068419,-0.43015991532535247,1.0,-0.6441830819507863,-0.3610233722410878,-1.0,4.486126409130514
1.0,0.09238801782799078,0.8582908777153793,0.3356582971382381,-0.5294050359097041,-0.36027443409241133,3.529672403454638
0.5129528451653815,0.8322824367683219,-0.8998105715443889,-0.7955857641338258,1.0,0.41226203917684623,2.023189458334688
-0.9912811806852312,-1.0,0.05641154525236615,-0.9905263891978617,0.4362916845135457,-0.3309271005408723,1.950069634965821
0.7432286259931721,1.0,1.0,0.20391550007493475,-0.3211960225262334,0.2800380946031111,-0.8989231488253111
-0.34867626160001053,1.0,1.0,-0.8262470591268384,-1.0,-0.9033326481150055,-5.2998738358109065
-0.9910077765035586,-1.0,0.03690607530818246,-0.19524244613128028,-0.1641906143597576,0.7409077158807759,-0.6657962309733172
-0.25853182617519765,-1.0,-0.4461496040940831,-1.0,-1.0,-0.6058241000953684,5.768564083975606
0.3041312989546344,0.12831296728724634,0.21419084281694967,0.6035155196935112,-0.8834247232476734,0.47447196807104275,1.3179023170329152
0.891494439938288,0.6395380694682529,0.48175581136933526,0.09815737494451782,-0.20125210479653288,0.2127779285944453,-0.01148022046243767
-0.673472070593046,0.08312324839202817,1.0,0.5691135451782885,-0.26394383111013575,-0.4796777919469569,0.3746916088564708
0.7885175918896631,-0.5482522935395961,-0.33709980981594934,-0.609113346973162,-1.0,-0.08836769566884872,3.8813836573646427
-0.6981403395792476,-1.0,-0.38738930058613946,-1.0,0.3420600422750582,-1.0,5.038436067744577
0.23502576449228174,-0.9400880061671726,-0.5232714166636896,-0.43000152907344513,0.8180242791653547,0.6738886443843399,-1.3100191051566392
-0.4933142964985844,-0.5118442660509004,-1.0,-0.9758434141439223,-1.0,-0.534325659680096,1.130155155367492
0.4389702529069782,0.20416404968815077,-1.0,1.0,1.0,0.2727053739055899,-2.234451154322635
1.0,-0.43989255500057745,0.5447305243586429,0.4250171840036684,-0.6956461491038174,0.4999852353821535,2.522668792740604
0.6116105857525489,0.8646314987021574,0.3062444017650532,0.40090417016255686,0.9120834940729401,1.0,2.5416994687689094
-0.3124228426054775,-0.33978766020626683,-1.0,-1.0,-0.4220957181778602,-0.5014781562547942,-1.6744215426671936
-0.07620338080882183,-0.3586257220774186,0.6645285161007319,-0.09238673714378598,0.03424920056989911,1.0,0.5697011251705553
0.6885280998468968,0.7746682718914359,0.22930256253857362,1.0,-0.3980580639061764,0.9896903729234031,3.1854150063348934
-0.972757129491252,0.6672388501695509,1.0,0.822342637138293,-1.0,-0.5378432629616858,-2.0168903946080374
-1.0,-0.12743281158761788,-0.4796795141340857,-0.09311863393837094,-0.03136290936938313,-0.1275527990086247,-0.3476826917383963
0.20401946408444793,0.16978571877876425,1.0,1.0,0.8979571289051338,0.8117248472216388,-2.6692055553535754
-1.0,-0.8446470815546786,-1.0,-1.0,-1.0,-0.6711585215894857,0.8879217551119176
0.1716842318807864,0.6410132635284382,0.021449894589225305,-0.4362557217844034,-0.4168984086991502,-0.5769125055426716,0.5092196844717376
-1.0,-0.16693168407962122,0.7580287835324717,-0.07790976200823962,-0.8879322561779885,-1.0,0.0019743603736148696
0.6299118448050504,-0.35812078607020625,-0.8906213769075282,0.6562887198559634,-1.0,-0.8034858490987888,2.331148731061021
-0.292319909944429,0.8713785559948182,0.7139145841669021,-0.5260142949983413,0.38262697211185914,1.0,0.8532112925701232
1.0,0.3989792563626313,0.3888923093627672,0.4049837743889595,-0.6088053837431745,-0.327104512089089,2.7605585151848935
-0.6837364750144016,-0.8168851144733507,-0.8018154309526968,-1.0,1.0,-1.0,5.330646270077871
0.46276415000908333,0.5839481431772271,1.0,0.9602575791948549,-0.28850367552647116,-0.020502487554050486,-0.7595006012230356
-0.4701170514097981,-0.9929469674334139,-0.9495628136367416,-0.640126347523327,0.6842945433625759,0.9572438457393648,1.3462998821066094
-0.595193445487217,0.8125043374957603,-1.0,-0.9078960210696139,-0.679199835661462,-0.8388858070691614,0.8048388795647292
-0.6501939747581523,1.0,-0.5776982529029638,1.0,0.3651538837295803,0.4911142083773331,1.0728336275397983
-0.7239720156431787,-0.04021907025232996,-0.5391098856484322,0.7851276099419171,-0.9438709704521355,-0.46097232527484766,-2.671028088980126
0.7317310256074256,-1.0,0.7724758905580091,-0.2659278802705656,-0.7638617791188893,0.5833762691768889,3.983752255926684
-0.3710624527321056,-0.47596428457176965,-1.0,-1.0,-1.0,-1.0,4.166456683282179
-0.7183070162831531,-0.671471605005114,-0.7259655984686026,1.0,-0.617044178020036,-0.5525236924733481,-2.431678040995706
-0.15290969885606365,-0.4110992476132912,-0.722094899670738,-0.8191470595728609,-0.9385761805305675,-0.6965516695148273,0.8148020394150837
0.07093834392280596,-1.0,0.32360486775661346,-0.46739969144218446,0.04510662008377997,1.0,0.6306652748082919
-0.7617199816258997,-0.7055199809427747,-1.0,-0.7313539619684978,1.0,1.0,4.434599851467771
-0.44206206014122656,1.0,1.0,1.0,0.8984869456182161,0.19263950476401365,-7.385927687682371
-1.0,-1.0,-1.0,-0.7175597472194768,0.3933037249013737,-0.8655916485254493,1.9300300597337121
-0.29501646267197695,0.8433558831772353,0.27734894837296087,0.3440375453050899,-0.895120565117688,-0.428409073507505,-0.39507688964484444
-0.15825066187125253,1.0,0.7077398957551555,1.0,1.0,1.0,-2.2563131652611976
0.591880289807756,0.8960614712623197,1.0,0.9632108244948583,-0.9329214448113599,-0.8261120508590366,3.5384970560845392
-0.46787137691931524,0.7535404241722428,0.8611928749320135,1.0,-1.0,0.4303646987886578,-2.1779813246414994
0.7075945281598257,-0.5271188603147726,0.7595949759914186,0.7379778910671467,0.3996007768438505,-0.4235674279203986,-0.49227324737549105
-1.0,-1.0,-1.0,-0.9112311578564162,-0.8649986429579508,-9.059091796215224e-05,-3.947967619624966
-0.9706707875461374,0.9551055910831977,-0.40925583897454454,-1.0,-1.0,0.2990592645529302,2.253063636069014
-1.0,-0.12563363098443936,0.6360740183709125,0.4790552737161497,0.3844898654355924,1.0,0.03497618353634746
-0.18677556305043833,-0.05190368410282509,0.5278581144343184,-1.0,-0.5637184114997162,-1.0,2.3734156813438916
-0.044459520780754436,-0.013126945422427032,-1.0,-0.9876180004447787,1.0,1.0,7.631556636627396
-0.7410071914903078,-0.1140132467333077,-0.40202225850623974,-0.6313321190662207,1.0,0.6592926459863913,3.332006987111138
-0.404950686437239,0.2091786178312705,-0.96011940605618,0.37783653291394054,0.24283666420403294,0.57984536591004,2.558234121224045
-0.7361681857575075,-1.0,-0.6448945632941889,-1.0,0.5700082824328984,0.17081824386763977,-3.7220108422288933
-1.0,-1.0,-0.26294119569224517,-0.8491104815963164,-1.0,-0.19731919217213867,1.283430318804077
0.7895246591849993,0.6030758350333334,0.9864859406824756,-0.18311467046867094,-0.7425490621470365,-0.914784947076821,3.1582910190720166
-0.268726150618539,0.2065481557669333,-0.5266483234862339,-1.0,-0.7865185531380372,0.42199454787577695,1.4432521108648513
1.0,0.5989753319988244,-0.17284434755771894,0.008922906881069337,-1.0,-1.0,6.743322521437323
-0.25800828444806756,-0.2953918552397452,-0.08688140330127381,-0.6026032882271186,0.6122230244554775,0.3523024408546848,0.25659408878743184
1.0,0.638259804022552,0.49529424566879854,1.0,-0.8411434935857763,-0.4939931585683056,5.930538061831889
0.15249202719986865,1.0,0.10983664759794687,0.4149503331459281,-0.7278950324559381,-0.4050702077773727,0.4353365022435609
0.7070406760422235,0.47105806321691523,-0.06620274896067413,1.0,-0.17908334863379372,0.14682215342289948,0.28131080563765626
0.10708290693402489,0.7924824874421215,-0.2818603864596801,1.0,0.3015905698170467,0.9123881041120115,2.5912667233437725
-0.30925891209545575,-0.14365077009070826,-0.6241534145903124,0.35953749356837805,-1.0,0.4215481392428421,-1.3831863772458537
0.9144268538499412,1.0,0.10653117702564963,1.0,-0.7912644641095647,-0.6279596582212159,6.774863268361952
-0.585576291377526,-0.8583430462554034,-0.28995369422369754,-0.1763388868000273,0.43108978289116107,0.5480524000942473,1.2599142667026493
0.19227799921716393,0.5425566550889364,1.0,0.9260082609741923,-0.021274999723278017,1.0,-2.3566906717512177
0.3298321331799435,0.7679390091197189,-0.007623375172554542,-0.25056742250990516,1.0,0.8799804057847218,3.3666682239977503
-1.0,-0.11706303582613661,-0.5851670023758087,0.0992611764761635,-1.0,-0.7507944843597139,-1.8140107653949753
-0.4613640259720256,-0.056928049604934805,0.7027440174388521,-0.06641858151243346,0.6493161152255331,0.49278421300566255,0.3601631417089298
1.0,1.0,1.0,0.1761475323115933,-1.0,0.08843592772430853,1.5797275271193927
-1.0,0.043615868458927565,-0.5666507382904179,-0.6174900353886368,-0.6080510367641746,0.11489410460803542,-0.9942561904205317
1.0,1.0,-0.026901906008228837,-0.0013295940956610797,0.7634703084545938,0.803554854502766,1.2225809533715277
-0.08534766585012504,-0.05886573031245029,1.0,0.537765385293425,-0.6244711580770934,-0.3377521987676234,-0.4702287457294553
0.7748880437831962,-0.5721303608533166,-0.013418069417223344,-1.0,-0.6421328572093173,-0.7731535159596594,6.322138911863124
0.8694691914443676,-0.6565889206041899,-0.769414660211297,-0.5512257338526115,-1.0,0.07993068335109221,4.152607751965116
0.7692447784388381,1.0,1.0,0.9054266428464981,0.8711325729967387,-0.7513102109410903,-4.850373935444458
0.0992492424513789,1.0,1.0,0.30852452911146,0.6485663338008612,-0.177599766358692,-3.264564650350658
-0.3950876108204198,0.04888049042208231,0.3747585357845252,1.0,0.10280949608516332,0.3404409144756183,0.028019227509076178
0.08392423795059639,0.2699751614805571,1.0,1.0,-1.0,-0.6656507834043084,-0.6838536093589385
-0.28075503744023156,0.5197475980513845,-0.3029247149598673,0.7755669571167436,1.0,-0.8075195036070877,1.614637328869938
-0.5641603106430075,-1.0,-0.38898355552266217,-0.06012970936655904,-0.8005715619083504,-0.4483381095883241,-0.604312040302915
-0.7110955750615802,0.1891831648268978,-1.0,0.2996543939181831,0.2861432253133771,0.23549550644425016,0.7959527906641364
-0.16698122880710997,-1.0,0.07151467636075147,-1.0,0.24172021260042087,0.09427022067935575,0.1999394311143674
-1.0,-1.0,-1.0,-0.6890191615121584,-0.7351823718831305,-0.4214259814233533,-3.169944067226849
0.18116110542940853,-0.4850371826409186,0.8509842065856983,0.7352330477776584,0.04546126390764925,-0.6148285514175809,1.0142603647229271
0.7392023088147159,0.7441608351398303,-0.15378927793316866,0.7971210649144123,-0.4584839962390581,-1.0,5.861366977157411
0.5930775663591146,-0.8731445969006685,-0.1261949097048325,-1.0,0.21398770944285256,-0.6099697320767294,3.60880596872872
1.0,1.0,1.0,1.0,-0.3030298349485465,0.5938605461044014,-1.2367415304179827
-1.0,-1.0,-0.33341940653177826,-0.2973007359923696,-0.8930865828154053,-0.44624697856200113,-0.5115743081627178
0.6454086146804058,0.8650476324600616,-0.17766528221089806,0.03113240640312742,-0.3306385585639475,-0.38727204039788377,0.8974274459237724
1.0,1.0,0.9654717134258881,0.9068211134990581,-1.0,0.5335065078590775,2.718579521950577
-1.0,-1.0,-0.3480175485381205,-1.0,0.1848375042969861,-0.4954302740057203,0.26462004988535637
-1.0,-0.9675028397143179,-0.0694057233646288,-0.4771039062236573,0.05163672468006669,1.0,-1.646050498023485
0.04441932244900226,0.3706235526870176,0.5205348734897304,0.8712602697864267,-0.1356767937665727,-0.38146479257772303,0.6238602091083593
0.9506792495064673,-1.0,-0.5824105956236543,0.9160468520274051,-0.5450034689014618,-0.9601771664136594,5.0322769158657845
1.0,-1.0,0.38811675989732863,0.2362469824511649,-1.0,-0.07761326633732052,6.392987849564829
-0.2660754509178025,0.04497780740166096,-0.29351249986297095,-0.31050639390279144,0.48688713244299586,-0.7067250008852313,0.6005008168091734
0.32595372719594273,1.0,-0.149782433567591,0.3182352757407432,1.0,0.08999450372975881,-0.24505637860206642
-1.0,-1.0,-0.02669090887575165,-1.0,-1.0,-0.519413072745216,4.554612656279433
-0.25732922204863684,-0.36473982999169796,0.8505757763078131,0.4960233458747213,0.8523582782189761,0.4429283077586046,-0.5156252607275476
1.0,0.6017695638633764,-0.46779596098548193,-0.015998798429285088,-1.0,-1.0,5.282170942840335
-0.9506276164841597,0.3109029683439869,0.4347879996497549,-0.20853547256534144,0.05187270579545292,-0.029673320754849117,0.058811434528515213
-0.8265060174687748,0.692769887072954,-0.7028804524675664,0.6726307536960995,-0.34968084576904074,1.0,5.434137615910287
0.2382202004148164,1.0,1.0,1.0,1.0,-0.5437477722643634,-5.8330263415723556
-1.0,-0.5242457914459653,-1.0,-1.0,0.6776198256211303,1.0,3.999908946183814
1.0,0.9364132880952931,1.0,0.9511100969789981,-0.7189655409347957,0.039267885388413915,1.6738628897582117
0.23261008634702773,0.2838238665657129,0.7472117053867992,-0.05806326480431112,0.6994633315626188,1.0,1.16955413438821
-0.8020454429274823,0.1077535973206204,-0.25771575532672,-0.12227894203528544,-0.2142204854764329,-0.29657757123853545,0.3077384159362103
-0.17406630527728573,-1.0,-1.0,-0.6024800013730174,0.4095169308615858,1.0,1.7537035267600687
-1.0,-0.2524928916601059,-0.329931319597654,-0.5731508982136406,-1.0,-0.08961337939552716,-1.0634611564454528
-0.5754410399482754,-1.0,-0.30152675510786286,-1.0,-0.39247182950292714,0.15349025156275042,-1.2827084673055555
0.40830891992554935,-0.3315215894939971,0.2021591576789653,0.2305099879067417,-0.07903555419999791,-0.8772943527767693,3.432079372072179
-0.2708642544672416,-0.46154731870657756,-1.0,1.0,-1.0,-1.0,0.8087435778090962
-0.4190851600663892,0.6297543426047162,-1.0,0.9670622449308013,-0.7286174757973094,-0.4383595595441385,-0.9741890203453485
-1.0,-0.7831524451032501,0.6340642662414135,0.28678786326137284,-0.13570448298034532,1.0,-1.831245040426076
0.9951829335518723,0.15129457210738773,1.0,0.48111170803357306,0.2751030253603166,-0.9705598540334672,1.2896050105286514
-0.8632660341533549,1.0,0.6126427522091971,-0.46072895501268335,-0.09895363532208123,0.2303991883033905,-2.93078771322269
0.6863215786134442,1.0,0.2807141194073741,0.4296803460400753,0.059055371281463986,1.0,2.4255397049651926
-0.795994499998658,-0.2938299704012015,0.04734032705366875,-0.13128936376795666,0.12905412985284093,0.19997101046740018,0.38658724596138183
0.9268364141408472,0.9069642718107499,0.40826704925158086,-0.4890846839745793,-1.0,-1.0,5.874148598042418
-0.5444448582835573,-0.2693298300814694,-1.0,-0.288133943882281,0.8118571606824548,-0.015584999164875102,-1.9362931183110061
-0.038916233303921674,-0.6154205308513969,0.18297196106546437,0.7673782996949571,-0.7922810319264231,-1.0,3.195590485427566
1.0,0.3370048390190318,0.41682618459853665,1.0,-0.010992919557388792,-1.0,6.165519651666214
-0.2911747725405698,-0.792632145446093,-0.2555191071569498,-0.436804307752783,-0.3734656216580188,-0.9221951293955141,2.6916871085021192
0.3141678444236843,1.0,-0.7859862316049316,0.09463476299622953,-1.0,-1.0,3.6552912335966052
-0.7257394406444335,1.0,0.7137335109884745,1.0,0.9017449672582997,-0.24151496187192634,-3.710121782917738
-0.3024810405772978,-0.807146914690656,1.0,-0.1279933553999955,1.0,0.7041039419458945,-0.5657047506801596
-1.0,-1.0,0.1377837523999566,-0.7889333992580552,-0.3873448740000719,-0.0971488917956376,-1.0041934018675032
0.002182836996376558,0.1480624202361065,0.2551372940605354,0.5548497139390636,-0.3900046597057423,-0.17077395512777338,0.21087257987321711
0.9281821477035387,-0.8801738837494407,0.20471631676615437,0.21126345925562567,-0.574018948439255,0.6333161960583279,2.0589811003154943
-0.6854479772679821,-0.22315479292566964,0.6906003687326068,-0.008939172212262217,-0.19139683033492355,0.8228737385048417,-1.0327158122928288
-0.4496182687278927,-0.009589895278043659,-0.8447910459077574,-1.0,-0.7175889119424526,-1.0,1.2422003612884709
-0.5799942968633252,0.13197497832978655,0.6324485021214941,-0.3513216100897987,-0.7542097073479083,0.3893231402988379,-1.1542998920885377
-0.520031988074294,0.6326003527547269,-0.3226719246845211,0.5334952336513488,-0.22355587111922492,-1.0,2.683826195748815
1.0,0.6060874835054721,1.0,0.8687898047715357,-0.45573719739427804,0.37585996402373834,0.8179793767324859
0.4664524520364963,0.8395198362265504,0.8812547916469295,-0.6356183710745776,0.0037067878690170697,-0.0005801946902439514,-0.5713805600972346
0.8853239193873601,0.36573299726132874,0.20675356357203253,1.0,-1.0,-0.351320024790588,4.2841664388325125
-0.7015546989108019,-0.3324100986296635,-0.40782685001304764,-0.015012558119916086,-1.0,-1.0,-0.22397449216608628
0.7175690979300353,0.07616930199841448,0.7477756371671257,0.6622510503575959,0.4979065580157799,-0.37741867711872823,-0.29625875299353527
0.8560471060182763,1.0,-0.06682982744192378,1.0,0.7402577875360266,0.19674996980902965,-1.3255664389303434
-0.35282323140562655,-0.1893121370030449,-0.08364962942075214,0.12057355086582677,-0.5608850990093182,-1.0,0.5829536631016581
1.0,1.0,0.17822383686759036,1.0,0.33034979801368236,-0.2723903566167375,0.4486437878519853
0.00701134142878973,-0.5601196778226234,0.009489125994857406,1.0,-1.0,0.10867583092075118,1.8608568451310663
-0.03606658504232846,0.33892301604675823,-1.0,1.0,-0.42180569485853914,-0.34030951392962083,-1.5723833117661834
-1.0,-0.9304980316042502,0.01713910100661961,0.06079974680106298,-0.7181734432575526,-1.0,1.467329483938969
-0.9867998245670075,1.0,0.17992816371754883,-0.19560727867552652,-1.0,-1.0,-3.3476419720641486
-1.0,0.28793871433129337,-1.0,-0.4155421768505255,0.03302371862185882,-0.5463377980821693,1.1517360520744981
-0.2171046435097792,-0.9838218815654067,-0.6367736288182281,-0.5336852408273836,-1.0,-0.32181429402693446,0.20341507048294216
0.4927029201979708,0.6541505466805645,0.7188326135410037,-0.2947685071168836,-0.4466983793367991,-1.0,2.8352426182174533
-0.7592457021516026,0.6822795229831367,-0.8254684146949406,0.47634834813942556,0.5882088706945316,1.0,9.049931979188898
0.44859792692901074,0.9327063979267596,0.2827858365330269,0.6404198763575725,0.8724062509073947,0.7851776355042162,0.8391583312517076
-0.908513405006199,-0.3509702027569003,-1.0,-1.0,-1.0,0.33166681083778493,-1.7936016281252285
-0.6426324241157424,-0.14862142631571354,-1.0,-0.031508051328536096,-0.10995692528661122,-0.0023159608157835576,0.6158907480856926
1.0,0.5961948135745224,0.0882407571150151,0.0031599087932000502,-0.23179052760769303,-0.2703284793552201,0.6913475871755468
-1.0,0.04697180361164799,-1.0,-0.6131022473603214,1.0,0.4939701424255789,1.3136524968911483
-0.9730157714854983,-0.5036264903796897,-0.5197919772038139,0.4035981719506769,0.230653727816716,-1.0,4.18669954678279
-0.4378028298182252,-0.5196323994099773,-0.19965091200577212,-0.22933681269181222,-0.17759314181827401,-0.5615447248704736,1.1620259539507871
0.08468019243752756,0.26372010168312415,0.09936856596220016,-0.3935135614347098,1.0,1.0,3.5235718396224502
1.0,0.40606846963413257,0.7163799631497854,1.0,-1.0,-0.5187211685892077,5.831228118823014
1.0,0.09450228114498005,0.6686081790212259,0.24280559390929768,1.0,1.0,-2.8502450701743047
-0.5588314334852261,-0.009421620640222228,-0.5412231581475396,-0.6383767310265467,-1.0,-1.0,-0.20564460655502764
-0.801318586988286,-0.12282121236695587,-0.36376781347339426,-0.8251328734775294,0.31794009784079885,-0.5243471336316734,1.7527562206113625
0.1679818166746505,0.1050594017364197,1.0,0.6786491601595199,-0.0074629774520294165,0.9267483565421022,-2.886251558887698
1.0,1.0,1.0,0.7760464583543858,-0.37773123725401736,-1.0,4.846222200850413
-1.0,-1.0,-0.9662954264839039,-0.4311350068820261,-1.0,-1.0,2.0154517358504407
0.08537950481518042,-1.0,-1.0,-0.4461969356877362,0.796060400648351,1.0,1.678497951968183
0.6639266099637549,0.2275468845075712,0.5094114043544538,1.0,-0.8165639531938249,-0.43277709495823347,2.9934883870173437
-1.0,-1.0,-0.6707517307671608,-0.0846880707242268,0.335389608226717,1.0,1.0456877732623155
-0.05178495172230313,-0.7950789207517416,-1.0,0.01505704219090681,1.0,1.0,3.149350715730078
-0.013521605587176688,1.0,1.0,0.24825255621083225,-0.7944043378470715,1.0,-2.175953719523414
1.0,-0.6890548134062091,1.0,-1.0,-1.0,1.0,8.222666821950193
-0.42871453244767266,-0.8005022836944073,-0.46466857275916884,-1.0,0.7559693580286188,0.7905570145156031,0.5306167622077422
0.8152709101322512,0.0662362297510779,1.0,0.314759660607399,-0.4340540381663841,-0.41226308854024496,3.0047116655768384
-1.0,-1.0,-0.10609408938194176,-0.7349844202781377,-0.7844185117494891,-0.9435842039870144,3.17379048010576
-0.7618333878746939,1.0,0.7555698560160791,1.0,-1.0,0.6822245828584126,-4.987712606897822
-0.36044636233624755,-1.0,0.5628059640127642,-0.1755082095087899,1.0,-0.29341975944164544,3.2364746464180625
0.7014540980604348,1.0,-0.6226459652885211,-0.21690620400412608,-0.07349743133025158,-1.0,2.1384226564411533
-0.4553954600283958,-0.8264395185851994,-1.0,-1.0,0.06893757812595508,-0.10879793253704545,-4.575099901143983
-1.0,-0.4325717367084878,0.4186438207667241,-0.2935842853409682,0.166177412717521,0.6280692714646557,-0.5058172963223022
0.12995563062703147,0.17050479097768467,0.11111038333219436,1.0,-0.8021256649554552,-0.6963724958327976,2.8248364604388554
0.19367915009449643,-1.0,-1.0,-1.0,0.9610040699887403,1.0,-3.3112718440267175
-0.5563936045341831,-0.42086636151062895,-0.6488108235309155,-0.5002904963863641,1.0,0.12852892887579936,0.39533528877697655
-0.6565920682005383,-0.44464325746360317,0.18967731770951912,0.4183663992238251,-1.0,-0.40335731371339434,-0.09288963936920225
-1.0,-0.6886062621342766,1.0,-0.14973518891378979,-0.914647685842574,-0.39405513598796893,-1.638000990602421
-0.6778543207256025,-0.6695128490651986,0.2907459501705694,-1.0,-1.0,-1.0,4.847189965925666
-1.0,-0.9201749436402298,-0.5047808001367706,-0.29575865211976904,0.6030894736654754,-0.14136450901508146,0.21037006631163538
0.8784253893437166,1.0,1.0,0.47629807028831994,1.0,0.3035517801360647,-6.271872298627766
1.0,1.0,0.8206085477380085,0.20905992667019646,0.7018332128355205,0.21281383240877705,-3.8524584554494457
0.2036723872542016,-0.7312685784230135,-1.0,-0.20322708087409047,0.18202516137514757,-1.0,1.9936514693614713
-0.9412081331392083,0.2544822287844775,-0.586162166187271,-0.17905070219688413,0.14482260956904436,0.08673967854899267,0.6054017060456389
-0.8754442092867009,-0.2230654325342305,-0.3001395366496535,-0.06875937548088795,0.6411730016253971,1.0,5.328939830018232
1.0,0.16653580707755355,1.0,1.0,-0.4224182834043751,0.8775436501776068,-0.6194115302692874
0.8761356654325111,0.22961329392031737,0.07965911086658534,-1.0,0.530675331910271,0.3920480531622876,0.05662128581644499
-0.40121148672096796,-1.0,-0.6398263182655985,-0.5524182227709282,-1.0,-0.9241192786726002,2.3637442537063302
-1.0,-0.3966666675032977,0.014430250054286664,-0.2642551412985824,-0.21547262747908713,-1.0,3.1785052157447486
0.7113744906351935,0.3096327503130163,1.0,1.0,0.9557024071678912,-1.0,-3.343046922001916
-0.9882912084694453,0.1607178865949924,-0.6860568353063244,-0.5266948966341918,-0.21722497324987722,-0.4865615974601078,-0.4805051881806414
-0.46839918232113065,-0.9087504722984543,-1.0,-0.6502579536532309,-0.30214846306236476,-0.08282067760943002,-2.3003936011466504
-1.0,-0.3708098735861596,-1.0,-0.9392665883055655,0.5146644834997749,0.8072991535663513,2.307539372871326
0.3400479566927713,0.04909801600600583,0.37775636865745915,-1.0,-0.6558682733814485,-1.0,3.761106966380701
0.8928607695812666,-0.9489987981700111,0.4018715981021103,-0.2305989115510101,1.0,1.0,-2.0722398973286955
0.1155775855682375,-0.5568902463773016,0.024320915197851845,0.055056393876441234,0.8582468734009778,0.2238751085472237,0.1823741621442635
-0.5303268261526388,-0.39395541825819036,-0.10028662256427,-1.0,-0.9963265987006918,0.7783308318812561,3.3590214482872875
-1.0,-1.0,-1.0,-1.0,-1.0,-1.0,4.180408427880941
-1.0,-0.8891382664786572,-1.0,-0.1911601970892844,-0.14401996168059805,0.1115965417838902,-3.6002083044522437
-0.004278058673729324,1.0,0.9529835318178534,0.34581923102777434,-0.8804160067305496,-0.7370994727927369,-1.7688832912815995
-0.5151122432163069,-1.0,-0.9402605857354749,0.529716036812038,-0.1847375307152217,-0.024099146282234418,-3.825626103207504
0.28117994632049725,0.8867364515343757,0.30242380494424026,-0.1953920529723214,0.031943405262255364,0.8513363387610313,1.6892098882564641
-1.0,0.06557919451224248,-1.0,-0.7492795576722502,-1.0,-1.0,1.158931492437345
0.8412114221671507,0.5745276338648784,0.41546228884196146,-0.8074188623723003,-0.11155642392935011,1.0,4.037554853596005
1.0,0.09760222331299107,1.0,0.2378050377861186,-0.46439370592097473,-0.04447979691881518,2.9119093720777784
-1.0,-0.6054561074535724,0.38777704274102726,-0.7979817356373953,1.0,0.05117216683277992,2.742019586770516
-0.10138613229615878,0.5444326288574792,0.828136152368381,-0.14620408331293255,1.0,-1.0,-0.16529083986841908
1.0,-0.19542732936018953,-0.07972083100641641,0.9429197695650374,-1.0,-1.0,8.155046355529384
-1.0,-0.3377663493315415,-0.06429515094017735,0.12372004483814153,-0.5810196216454775,-1.0,0.7689038665148643
-1.0,-0.1824086042412152,-0.5150033102884349,0.9456686351194769,-0.0017285571054119764,0.2900941710938176,-0.49040600814147767
-1.0,-0.31435208062494435,-1.0,-1.0,-0.0509527074003735,-0.20765831667767598,-1.620477931209325
0.4352097433643438,0.43339922781657236,1.0,0.9488376675864383,1.0,0.6796225669595841,-3.734197816532455
-0.4028310475842667,0.06494731799672249,-1.0,-0.21630821955032375,-1.0,-1.0,1.1843951956333314
0.6503116999940551,0.08944297678907365,0.15191466296025247,1.0,1.0,1.0,2.418508004111965
-1.0,0.37900158895057956,-1.0,-0.12463819476297944,-0.8316843969058121,-0.15971545333123482,-2.859424687356058
0.850257703853665,1.0,0.4006239921169643,0.6468694667764887,0.27574547399164984,1.0,0.31759629066232814
-0.793037388718707,-1.0,-1.0,-1.0,-1.0,-0.8300259224586112,3.2158994111701427
1.0,1.0,0.488858140488603,1.0,-0.8340198679989783,-0.284973264939537,4.735060310911727
-1.0,-0.8226683200160696,-0.20129273803814418,-1.0,0.8999053908363617,0.7207338714853962,1.4224636903845242
-0.8556653655866954,0.18930399802539277,0.36002943400408904,1.0,1.0,0.6510281730392264,2.857254596003058
1.0,0.6754337147060563,0.3033523238905873,-0.09579022671132364,-0.46741623734994686,-0.14965250874795866,0.09416253291692689
-0.5377209583968895,-1.0,1.0,0.6783356397137076,0.3786667104513397,1.0,1.7362471156477108
-1.0,-0.2347021789276058,-0.22297685160109126,-0.9539060751670503,1.0,-0.9009910388603826,7.414890688051461
-0.7539213858767579,0.1301593010355008,-1.0,-1.0,0.27146989299461044,1.0,6.696853242429813
-1.0,-0.36397011079293523,-1.0,-1.0,0.18282539053181734,0.06629385919379971,-2.8255768122946767
0.8592284240914955,0.21692042518027838,0.48842899194911343,-0.038798296488837584,-1.0,0.6293122461851012,2.708398000801985
-0.6744134691631795,-0.5534869705378138,0.12602753879289427,-0.5192362069394565,0.6376432509219783,-0.6950531353106979,3.2590587392129304
0.152384506964937,-0.3965809093815584,1.0,0.6461426081999945,1.0,0.023469184152031364,-2.157612336810198
-0.9759431134442682,-0.34534289234977444,-0.15652020956103063,-0.14236761746821036,-0.5948073730176048,1.0,-1.5383415754485512
-1.0,-1.0,-0.664270275820388,-0.5856788309185097,-1.0,-1.0,1.8282909022935954
1.0,-0.14349870275228438,-0.6144250624652471,0.29585494538433466,1.0,0.9140127912073279,-0.2564456676830723
0.9703505266562233,-0.6983261109436125,-0.14704211965361313,-0.3831329144617842,1.0,1.0,-1.7735550163443108
-0.47315436516401566,0.4260175879437722,-1.0,-0.9136719702924219,1.0,0.2164486938246888,1.4966079079931602
-0.06592863969128582,-1.0,-1.0,-0.8612535390751065,-1.0,-1.0,4.896918953307705
0.6291785590699956,-0.8012905165731014,0.22940535982335578,0.29915483316077085,0.04631898588121641,-0.3304129544605005,0.4602126881743661
-0.12061059905642135,0.8457391624042745,0.33800069505177444,1.0,-0.30808863485134413,-0.1535555345475943,0.7285619563198013
1.0,0.7718776276250903,0.3411645957564182,1.0,1.0,0.6199478521869071,-3.4255347891338195
1.0,1.0,1.0,1.0,-0.6687013090176585,0.9516533681331018,-0.713336012126709
0.9948602192633226,-0.6267081839928924,0.9017964656260564,-0.02077865769280196,-0.49137704184749675,0.2521891102535182,3.368765008268001
-0.4664654850196164,-1.0,0.6080694683787482,-0.3056880988536741,0.6391343223642122,1.0,1.1252108093301343
-0.7532025891493728,-1.0,1.0,-1.0,1.0,0.687626358692482,-2.3583713858737254
1.0,1.0,1.0,1.0,0.32512091672732857,0.1971602257572906,-4.151673508507642
-0.10873205535853059,-0.8975363126099153,-0.6211361443960937,0.09908231274194923,-0.7714393978697466,1.0,3.473292405462068
-0.8990924890935234,0.8117548921060803,-0.48637589971170003,0.00440160694217584,-0.03371951017153263,-0.04068356955583603,0.8122229627604233
-0.28587977305933,0.01756795337816497,-0.045139583337918565,0.08437484544186025,-0.4958183304020243,0.37079494720473216,-0.409575969285149
0.18138598477663614,1.0,-0.21107120641247368,1.0,-1.0,-0.4597956094706097,5.21253346606816
-1.0,-0.42563202855749926,-1.0,-0.32108705469736687,0.6260092695187289,-0.7638892452357862,2.7801075812016527
-0.05181716161564154,-1.0,0.37370791657056734,-0.4314737960752588,0.0179614741669622,0.08863346342887213,0.6604321076467727
-0.3089896926110799,-0.5502378809504082,0.4553255688940851,-0.6449142820443631,0.5943706430963923,1.0,-0.1241420047013233
-0.7369640998676049,1.0,-0.6004077219012401,0.7684020559582985,1.0,0.04598429058734754,2.438975140729865
1.0,0.04279178587598187,-0.7190079101437424,0.05037130650652795,1.0,1.0,0.07626800712242432
-0.7562400076896286,-1.0,-0.4444796698141167,-0.25628918185254324,1.0,-0.6117908888210405,2.0975051080985225
1.0,1.0,1.0,0.06148469683290503,-0.00944790920780103,-0.19170367715531636,-1.753664679303397
-1.0,-1.0,-0.21229291149637983,-1.0,1.0,1.0,1.7816660742855095
-0.0921738470876523,-0.4860156679690204,-1.0,-0.009988305364292405,-0.19688885916752286,-0.2715140983044029,-0.6648423684865883
1.0,-0.5908576278598136,-1.0,-0.599471165401508,1.0,1.0,-3.1426017625264135
-0.9605003163921244,0.06249430044648065,-0.8040438058110716,-1.0,-0.8431235813297354,0.215136148927648,-1.1761046786641889
-1.0,-0.7307093596373333,-0.538614147200502,-0.8231533865370978,0.8459479993096755,-0.41479579318270565,1.3126916596252716
-1.0,-1.0,-1.0,-0.7019368382375825,0.20271666616873774,1.0,-0.6877648649514638
1.0,0.45735284967788203,0.5462515333385027,0.16301697091733752,1.0,0.2064319984909777,-2.9679788080319693
0.017718314455977602,0.751254680311607,0.6417788709892402,0.29222101712214177,-0.7850207961573612,0.35758402961216673,-1.3074652246406566
-0.6393574779468291,-0.9371796406092653,-1.0,1.0,1.0,-0.42385318531393423,-5.134292445359268
-0.7902390545232016,-1.0,-0.9347584462690457,-0.7520577205567018,1.0,0.6217779710300275,-2.7589026186088654
-0.6025012769268603,-0.7656178289584954,-0.6733256517170365,-0.7289944035507532,1.0,0.8278008781350923,1.2628234126087192
0.26167030382178125,-0.37189205253492497,-1.0,-0.6376877778596787,-1.0,-0.7733194464459022,2.31801216641402
0.6511708422778468,-0.31329519198906364,0.4256026065819418,-0.40031887614555606,0.1830526808247273,-1.0,4.32101592443631
-0.21836505778293258,-0.18534713318701235,-0.7251499426329076,-0.07351241848940437,0.3685318696969744,-0.24177064317765956,-0.08921137434261335
-0.7925969067971781,-0.9073645034422841,0.9844038635334925,0.2494786793598509,0.6062387561570208,0.4313579973803212,2.2114183638975144
1.0,0.006922480057931793,-0.38357400464156255,0.8723447748604684,0.1616330633245693,0.6764301363953708,0.7414486617077058
0.1628287330853606,0.8724966750835577,-0.10641289163538603,0.6949640313388753,1.0,1.0,4.716191477177824
0.05396081272707365,-0.8076196494056529,-0.6680607381738426,-0.5849366391875286,-1.0,-0.6323920852243109,3.7210449632689775
0.32419239089850443,0.8343661226888162,0.24472719167659146,1.0,0.9328036439977003,-1.0,0.4658893810525015
-0.6285716782335521,0.6214942660578597,-0.5841406922391696,-1.0,1.0,1.0,10.8574543191447
0.05831393852156894,0.09743411538600844,-0.06389497058504426,0.29339425525181423,1.0,1.0,4.5459376248160535
0.8218182932278584,-0.17494270001238815,0.37851926040038186,1.0,-1.0,-0.3659262748614941,3.6009405927960136
-0.783491534612996,-0.517305470368357,-0.013678999574690986,0.9825820388779674,-1.0,-1.0,0.5888992149456291
0.6366884053261546,0.4764764593729047,0.6151007523077549,1.0,-0.1773948216237915,-0.1740719327493515,0.11564613129951651
-1.0,0.07636275825030905,-0.1865657713259481,0.41196626875922815,0.47014363995491437,-0.5045889394207561,0.8081427642051724
0.5366798929280756,1.0,-0.09074972155307082,1.0,-0.39563902125222494,0.5252474729122917,1.7726823725022351
-1.0,-0.34762705577909503,0.37927372775862483,-1.0,0.9337741123137644,0.6326342248120589,2.5591779262086947
-0.942469138131009,-0.6280131436004064,-1.0,-1.0,0.2852101329402458,0.973907692220378,1.5612594589107232
1.0,1.0,0.3039714671906897,0.4421052237418712,-0.23244317077870874,0.9472395177335974,2.485436910072357
0.4067630184020042,-0.19569950104090475,-0.5991157184740865,-0.032992542811204145,0.36993086173995426,-0.4224645580170112,-0.05998895596557907
-1.0,0.7637567933813151,0.3077620193349617,0.20159216694009124,-0.6232597620893201,0.8458592646128031,-3.0979424667626896
1.0,0.22235359521070297,-0.09375133891626597,0.9933468780491241,-1.0,-1.0,7.529900670049276
0.5433926397121291,0.9269145344025402,0.6960310060750429,-0.9482299897230804,1.0,-0.1262484778317473,-0.7227772307083055
0.0624665143996332,-1.0,-1.0,-0.03126036982493674,1.0,1.0,3.27159589344273
-1.0,-0.3907205383158484,1.0,-1.0,-1.0,1.0,-4.848450521198388
1.0,1.0,0.07280054382090217,0.7413154834942147,-0.1495864835980063,-0.37284946158877297,2.2738666130848246
-0.09371048161808893,-0.8473783355858757,-0.17757127274393358,-0.07954437250867163,-0.2610025784186578,-0.9478045419445055,3.3202402831896363
-0.015582833066716928,0.3198316442744796,-0.5190288240375727,0.8877298369634616,1.0,0.19917657414891443,-0.3563393147658922
0.786655515440656,0.14866327407269075,1.0,-0.21408007481518693,0.7449847386252386,0.6604418013998683,-3.194001735715217
-0.4204775837209691,-0.28511348013054816,-0.4973518735672111,-1.0,1.0,1.0,4.980076108108943
-0.02028473485683613,0.061104596010347345,-0.6530770021256982,-0.6583822230783944,-0.9239710516031302,-1.0,0.5839976318054705
0.24094952179808088,0.40161224353168246,-0.5887812882216025,1.0,-1.0,0.7660713870290518,3.1812043332802147
0.7898677123745828,1.0,1.0,0.38079039935703807,0.6319579735248633,1.0,-5.076296505715643
0.8999568810270785,-0.43743193291701277,0.28105468172502995,-0.6116790032813911,0.20342468060367913,-0.5088553733618354,2.3083936469753668
-1.0,-0.4144359897292502,-0.991559933956047,-0.2976302274282163,-0.01657678092298076,-1.0,5.755254238366237
0.8692005519824408,0.829203755064734,1.0,1.0,-0.39517507862531204,0.5882536886195161,-1.2310941904580324
0.9100369373263385,-1.0,-0.2189939959602042,-1.0,-0.7051789023742404,-0.9178171443176277,11.076729428597558
-0.7370038838369504,-1.0,-0.02921096417465574,-0.6970390718818249,0.636025646617846,-0.058349414936906596,0.6921168181361779
-1.0,-0.9192506824529927,-0.9736796955409763,-1.0,-1.0,-0.5553208226482917,1.3339010388024635
0.08381046515871193,1.0,0.17971709793510293,0.21738764329212457,1.0,0.4498709660266297,1.5193362486479274
-1.0,-1.0,-1.0,-1.0,-0.11580333690924993,-1.0,2.896244537546308
-1.0,-0.6828001550500493,-0.050433786307964024,-0.9457225846882604,0.5090943870553384,0.8095584793559143,0.6128474212636426
0.14291002677789855,-0.5270175431770808,-1.0,-0.021280570040389413,0.031135682071658982,-0.8766837762046302,1.965922386955162
-1.0,-0.8429789417308833,-1.0,-1.0,0.23885420300894483,-0.6806728467478962,-1.746954133894394
0.41766035109715394,1.0,1.0,0.3970521331069927,-0.5875706004393412,-0.8471558591225969,0.28914473689655656
-1.0,-0.21620838798468922,-0.6306299446123853,-1.0,1.0,-0.28864394836284435,2.7748417199084727
0.3890067476308463,0.3009216116305351,0.4551114239047773,0.6233116772479177,0.37291664614439257,1.0,0.9047411845638527
-1.0,0.16663657958333736,-1.0,-0.8624753223714201,-1.0,-1.0,1.241207872147724
0.5129956419818524,-0.140734700795616,0.04882774068409956,-0.09199924640411195,1.0,-0.09762284100498464,-1.974221636923279
0.03970827724876613,-0.5361095064903373,-0.6358419117734331,-1.0,-0.3892395014569334,0.13576609151913277,0.04028581433652956
-0.6761828112756199,-0.8996950556098675,-1.0,0.009842200063369999,-0.26177440251137307,-0.9155772475595314,2.1731409865642686
0.65440936546593,-0.6071233712764366,-1.0,-0.41566635996957313,0.2968266476898125,0.6610512623035798,0.4107784604622272
-0.40584858153688996,1.0,0.17745962922097358,-0.8273817824626324,-0.8569786737328782,-1.0,-1.9076734092960401
0.7615068571037054,1.0,1.0,1.0,0.43159418315897646,0.5796590627009055,-7.281980959053392
-0.13512215746938774,-0.747068122818056,0.821212311770501,-0.8016388172178708,0.06249520196457947,0.16313618505444694,-0.4082329376621335
-1.0,-0.9675100326805832,-1.0,-0.5054209739608342,-1.0,1.0,1.6286216422191488
0.7189559706742379,0.7332570510825893,0.9405143795662199,0.4788063191198513,1.0,0.6508878371868485,-3.8386306203126894
0.40142459403439346,1.0,0.478260446726712,0.7356153380192108,-0.7061847672571313,-0.24773750281366022,1.3586004536076846
0.85071166595151,-0.1673333732675112,-0.4427432536646449,-0.2910104966155177,-1.0,0.31839408915403133,2.7667545670098055
0.4863917138354824,1.0,-0.011877836268239128,0.018760569647867542,-1.0,0.5438381941705709,2.126187449419359
-1.0,-0.8630640331425903,-1.0,-0.42910909086755766,-0.16992265359935455,-0.4956023169261674,-1.6616304503249064
1.0,0.39221626453304337,0.5693496423938339,0.4360071483221193,-0.6772750929069293,-1.0,6.784259206635299
